ID,time,mass,x,y,z
0,469.816,1.0,0.299,0.042,0.088
1,469.816,0.75,0.247,0.102,-0.029
2,469.816,1.2,0.035,-0.569,-0.066
3,469.816,0.7,-0.313,0.254,0.154
4,469.816,1.1,-0.279,0.351,-0.087
0,470.403,1.0,0.247,0.198,0.007
1,470.403,0.75,0.246,0.109,0.048
2,470.403,1.2,0.175,-0.526,-0.049
3,470.403,0.7,-0.378,0.05,0.095
4,470.403,1.1,-0.343,0.287,-0.045
0,470.991,1.0,0.241,0.299,0.055
1,470.991,0.75,0.139,0.17,-0.052
2,470.991,1.2,0.312,-0.462,-0.031
3,470.991,0.7,-0.415,-0.109,0.004
4,470.991,1.1,-0.39,0.184,0.017
0,471.578,1.0,0.178,0.325,0.062
1,471.578,0.75,0.071,0.301,-0.097
2,471.578,1.2,0.438,-0.378,-0.012
3,471.578,0.7,-0.428,-0.214,-0.087
4,471.578,1.1,-0.416,0.049,0.077
0,472.165,1.0,0.058,0.338,-0.007
1,472.165,0.75,0.054,0.413,-0.038
2,472.165,1.2,0.553,-0.282,0.008
3,472.165,0.7,-0.425,-0.275,-0.152
4,472.165,1.1,-0.423,-0.106,0.12
0,472.752,1.0,-0.0,0.471,-0.016
1,472.752,0.75,-0.055,0.329,-0.054
2,472.752,1.2,0.654,-0.176,0.028
3,472.752,0.7,-0.41,-0.305,-0.179
4,472.752,1.1,-0.415,-0.267,0.135
0,473.34,1.0,-0.055,0.48,0.019
1,473.34,0.75,-0.171,0.379,-0.127
2,473.34,1.2,0.742,-0.065,0.047
3,473.34,0.7,-0.387,-0.32,-0.16
4,473.34,1.1,-0.397,-0.421,0.12
0,473.927,1.0,-0.147,0.445,0.007
1,473.927,0.75,-0.236,0.462,-0.135
2,473.927,1.2,0.82,0.049,0.065
3,473.927,0.7,-0.359,-0.342,-0.093
4,473.927,1.1,-0.372,-0.555,0.075
0,474.514,1.0,-0.273,0.476,-0.083
1,474.514,0.75,-0.251,0.434,-0.038
2,474.514,1.2,0.888,0.163,0.082
3,474.514,0.7,-0.328,-0.399,0.009
4,474.514,1.1,-0.341,-0.652,0.006
0,475.101,1.0,-0.3,0.517,-0.032
1,475.101,0.75,-0.39,0.373,-0.127
2,475.101,1.2,0.948,0.277,0.099
3,475.101,0.7,-0.298,-0.511,0.109
4,475.101,1.1,-0.306,-0.701,-0.062
0,475.689,1.0,-0.361,0.473,-0.011
1,475.689,0.75,-0.478,0.41,-0.172
2,475.689,1.2,1.001,0.389,0.114
3,475.689,0.7,-0.268,-0.663,0.164
4,475.689,1.1,-0.268,-0.712,-0.102
0,476.276,1.0,-0.459,0.406,-0.048
1,476.276,0.75,-0.509,0.464,-0.139
2,476.276,1.2,1.05,0.5,0.13
3,476.276,0.7,-0.237,-0.821,0.163
4,476.276,1.1,-0.23,-0.709,-0.107
0,476.863,1.0,-0.534,0.467,-0.089
1,476.863,0.75,-0.565,0.338,-0.1
2,476.863,1.2,1.093,0.609,0.144
3,476.863,0.7,-0.205,-0.954,0.113
4,476.863,1.1,-0.192,-0.712,-0.081
0,477.451,1.0,-0.563,0.441,-0.043
1,477.451,0.75,-0.673,0.317,-0.176
2,477.451,1.2,1.133,0.717,0.158
3,477.451,0.7,-0.172,-1.049,0.034
4,477.451,1.1,-0.156,-0.732,-0.036
0,478.038,1.0,-0.625,0.368,-0.038
1,478.038,0.75,-0.731,0.351,-0.195
2,478.038,1.2,1.17,0.823,0.172
3,478.038,0.7,-0.136,-1.1,-0.054
4,478.038,1.1,-0.122,-0.772,0.014
0,478.625,1.0,-0.736,0.311,-0.117
1,478.625,0.75,-0.718,0.356,-0.101
2,478.625,1.2,1.203,0.927,0.185
3,478.625,0.7,-0.1,-1.109,-0.135
4,478.625,1.1,-0.091,-0.831,0.059
0,479.212,1.0,-0.752,0.361,-0.085
1,479.212,0.75,-0.824,0.212,-0.154
2,479.212,1.2,1.235,1.029,0.198
3,479.212,0.7,-0.063,-1.084,-0.194
4,479.212,1.1,-0.061,-0.906,0.09
0,479.8,1.0,-0.785,0.3,-0.052
1,479.8,0.75,-0.903,0.209,-0.208
2,479.8,1.2,1.264,1.13,0.211
3,479.8,0.7,-0.027,-1.034,-0.22
4,479.8,1.1,-0.033,-0.99,0.099
0,480.387,1.0,-0.852,0.209,-0.069
1,480.387,0.75,-0.928,0.241,-0.194
2,480.387,1.2,1.291,1.23,0.223
3,480.387,0.7,0.007,-0.977,-0.203
4,480.387,1.1,-0.006,-1.074,0.081
0,480.974,1.0,-0.931,0.224,-0.136
1,480.974,0.75,-0.933,0.127,-0.113
2,480.974,1.2,1.317,1.328,0.235
3,480.974,0.7,0.038,-0.933,-0.14
4,480.974,1.1,0.022,-1.145,0.033
0,481.561,1.0,-0.934,0.2,-0.08
1,481.561,0.75,-1.033,0.06,-0.194
2,481.561,1.2,1.342,1.424,0.247
3,481.561,0.7,0.063,-0.93,-0.043
4,481.561,1.1,0.05,-1.184,-0.036
0,482.149,1.0,-0.97,0.116,-0.063
1,482.149,0.75,-1.084,0.069,-0.224
2,482.149,1.2,1.365,1.52,0.258
3,482.149,0.7,0.083,-0.99,0.055
4,482.149,1.1,0.079,-1.18,-0.106
0,482.736,1.0,-1.049,0.021,-0.112
1,482.736,0.75,-1.072,0.088,-0.165
2,482.736,1.2,1.387,1.614,0.27
3,482.736,0.7,0.101,-1.099,0.109
4,482.736,1.1,0.108,-1.14,-0.149
0,483.323,1.0,-1.075,0.064,-0.121
1,483.323,0.75,-1.125,-0.08,-0.159
2,483.323,1.2,1.408,1.707,0.281
3,483.323,0.7,0.118,-1.217,0.102
4,483.323,1.1,0.134,-1.092,-0.152
0,483.91,1.0,-1.083,0.002,-0.078
1,483.91,0.75,-1.197,-0.111,-0.222
2,483.91,1.2,1.428,1.799,0.292
3,483.91,0.7,0.137,-1.31,0.046
4,483.91,1.1,0.156,-1.055,-0.125
0,484.498,1.0,-1.124,-0.097,-0.079
1,484.498,0.75,-1.219,-0.095,-0.226
2,484.498,1.2,1.447,1.89,0.302
3,484.498,0.7,0.158,-1.364,-0.036
4,484.498,1.1,0.175,-1.04,-0.081
0,485.085,1.0,-1.206,-0.136,-0.164
1,485.085,0.75,-1.182,-0.164,-0.118
2,485.085,1.2,1.466,1.98,0.313
3,485.085,0.7,0.179,-1.375,-0.125
4,485.085,1.1,0.19,-1.049,-0.033
0,485.672,1.0,-1.188,-0.137,-0.107
1,485.672,0.75,-1.272,-0.286,-0.197
2,485.672,1.2,1.483,2.069,0.323
3,485.672,0.7,0.2,-1.348,-0.203
4,485.672,1.1,0.202,-1.079,0.009
0,486.26,1.0,-1.201,-0.223,-0.079
1,486.26,0.75,-1.317,-0.297,-0.239
2,486.26,1.2,1.5,2.157,0.334
3,486.26,0.7,0.219,-1.29,-0.258
4,486.26,1.1,0.213,-1.127,0.035
0,486.847,1.0,-1.25,-0.331,-0.106
1,486.847,0.75,-1.307,-0.28,-0.207
2,486.847,1.2,1.517,2.244,0.344
3,486.847,0.7,0.237,-1.212,-0.279
4,486.847,1.1,0.222,-1.185,0.04
0,487.434,1.0,-1.286,-0.311,-0.149
1,487.434,0.75,-1.309,-0.437,-0.153
2,487.434,1.2,1.533,2.33,0.354
3,487.434,0.7,0.25,-1.129,-0.256
4,487.434,1.1,0.23,-1.243,0.017
0,488.021,1.0,-1.27,-0.366,-0.097
1,488.021,0.75,-1.375,-0.497,-0.225
2,488.021,1.2,1.549,2.416,0.364
3,488.021,0.7,0.258,-1.065,-0.188
4,488.021,1.1,0.239,-1.287,-0.036
0,488.609,1.0,-1.286,-0.467,-0.085
1,488.609,0.75,-1.394,-0.495,-0.243
2,488.609,1.2,1.564,2.501,0.374
3,488.609,0.7,0.26,-1.048,-0.089
4,488.609,1.1,0.248,-1.299,-0.108
0,489.196,1.0,-1.351,-0.562,-0.155
1,489.196,0.75,-1.341,-0.506,-0.153
2,489.196,1.2,1.578,2.585,0.383
3,489.196,0.7,0.257,-1.097,0.005
4,489.196,1.1,0.258,-1.267,-0.176
0,489.783,1.0,-1.332,-0.532,-0.129
1,489.783,0.75,-1.396,-0.683,-0.19
2,489.783,1.2,1.592,2.669,0.393
3,489.783,0.7,0.252,-1.192,0.049
4,489.783,1.1,0.265,-1.204,-0.213
0,490.37,1.0,-1.32,-0.614,-0.091
1,490.37,0.75,-1.435,-0.713,-0.243
2,490.37,1.2,1.606,2.751,0.403
3,490.37,0.7,0.247,-1.289,0.031
4,490.37,1.1,0.269,-1.137,-0.211
0,490.958,1.0,-1.342,-0.727,-0.101
1,490.958,0.75,-1.423,-0.703,-0.231
2,490.958,1.2,1.62,2.834,0.412
3,490.958,0.7,0.245,-1.36,-0.032
4,490.958,1.1,0.267,-1.086,-0.18
0,491.545,1.0,-1.384,-0.741,-0.171
1,491.545,0.75,-1.378,-0.826,-0.14
2,491.545,1.2,1.633,2.915,0.421
3,491.545,0.7,0.244,-1.389,-0.117
4,491.545,1.1,0.261,-1.059,-0.135
0,492.132,1.0,-1.344,-0.777,-0.112
1,492.132,0.75,-1.437,-0.921,-0.22
2,492.132,1.2,1.646,2.996,0.431
3,492.132,0.7,0.243,-1.378,-0.204
4,492.132,1.1,0.252,-1.058,-0.088
0,492.72,1.0,-1.335,-0.876,-0.09
1,492.72,0.75,-1.449,-0.932,-0.251
2,492.72,1.2,1.658,3.076,0.44
3,492.72,0.7,0.24,-1.33,-0.279
4,492.72,1.1,0.239,-1.078,-0.049
0,493.307,1.0,-1.367,-0.99,-0.132
1,493.307,0.75,-1.399,-0.924,-0.196
2,493.307,1.2,1.67,3.156,0.449
3,493.307,0.7,0.236,-1.254,-0.328
4,493.307,1.1,0.224,-1.115,-0.027
0,493.894,1.0,-1.357,-0.963,-0.148
1,493.894,0.75,-1.398,-1.105,-0.177
2,493.894,1.2,1.682,3.236,0.458
3,493.894,0.7,0.227,-1.161,-0.341
4,493.894,1.1,0.207,-1.162,-0.028
0,494.481,1.0,-1.319,-1.035,-0.101
1,494.481,0.75,-1.429,-1.154,-0.241
2,494.481,1.2,1.694,3.314,0.467
3,494.481,0.7,0.213,-1.068,-0.308
4,494.481,1.1,0.189,-1.208,-0.058
0,495.069,1.0,-1.312,-1.146,-0.097
1,495.069,0.75,-1.41,-1.151,-0.246
2,495.069,1.2,1.706,3.393,0.476
3,495.069,0.7,0.192,-1.001,-0.231
4,495.069,1.1,0.172,-1.237,-0.116
0,495.656,1.0,-1.351,-1.209,-0.18
1,495.656,0.75,-1.323,-1.213,-0.136
2,495.656,1.2,1.717,3.47,0.485
3,495.656,0.7,0.163,-0.99,-0.129
4,495.656,1.1,0.154,-1.23,-0.19
0,496.243,1.0,-1.288,-1.207,-0.126
1,496.243,0.75,-1.365,-1.358,-0.209
2,496.243,1.2,1.728,3.548,0.493
3,496.243,0.7,0.129,-1.045,-0.043
4,496.243,1.1,0.134,-1.181,-0.253
0,496.83,1.0,-1.25,-1.299,-0.095
1,496.83,0.75,-1.365,-1.38,-0.252
2,496.83,1.2,1.739,3.624,0.502
3,496.83,0.7,0.093,-1.138,-0.015
4,496.83,1.1,0.111,-1.109,-0.28
0,497.418,1.0,-1.246,-1.414,-0.117
1,497.418,0.75,-1.312,-1.368,-0.224
2,497.418,1.2,1.749,3.701,0.511
3,497.418,0.7,0.058,-1.226,-0.044
4,497.418,1.1,0.082,-1.039,-0.27
0,498.005,1.0,-1.24,-1.403,-0.166
1,498.005,0.75,-1.252,-1.521,-0.161
2,498.005,1.2,1.76,3.777,0.519
3,498.005,0.7,0.023,-1.284,-0.114
4,498.005,1.1,0.047,-0.991,-0.234
0,498.592,1.0,-1.169,-1.454,-0.111
1,498.592,0.75,-1.27,-1.59,-0.235
2,498.592,1.2,1.77,3.853,0.528
3,498.592,0.7,-0.013,-1.301,-0.201
4,498.592,1.1,0.006,-0.968,-0.187
0,499.18,1.0,-1.128,-1.555,-0.097
1,499.18,0.75,-1.239,-1.589,-0.255
2,499.18,1.2,1.78,3.928,0.536
3,499.18,0.7,-0.052,-1.281,-0.286
4,499.18,1.1,-0.04,-0.972,-0.141
0,499.767,1.0,-1.132,-1.653,-0.158
1,499.767,0.75,-1.136,-1.588,-0.175
2,499.767,1.2,1.79,4.002,0.545
3,499.767,0.7,-0.094,-1.227,-0.355
4,499.767,1.1,-0.09,-1.0,-0.105
0,500.354,1.0,-1.064,-1.614,-0.143
1,500.354,0.75,-1.119,-1.764,-0.199
2,500.354,1.2,1.8,4.077,0.553
3,500.354,0.7,-0.14,-1.149,-0.394
4,500.354,1.1,-0.145,-1.047,-0.087
0,500.941,1.0,-0.987,-1.683,-0.104
1,500.941,0.75,-1.102,-1.787,-0.254
2,500.941,1.2,1.81,4.151,0.561
3,500.941,0.7,-0.192,-1.062,-0.392
4,500.941,1.1,-0.204,-1.104,-0.096
0,501.529,1.0,-0.94,-1.78,-0.112
1,501.529,0.75,-1.033,-1.765,-0.247
2,501.529,1.2,1.819,4.225,0.569
3,501.529,0.7,-0.251,-0.985,-0.341
4,501.529,1.1,-0.266,-1.16,-0.135
0,502.116,1.0,-0.926,-1.785,-0.186
1,502.116,0.75,-0.908,-1.853,-0.152
2,502.116,1.2,1.828,4.298,0.578
3,502.116,0.7,-0.316,-0.952,-0.245
4,502.116,1.1,-0.333,-1.197,-0.202
0,502.703,1.0,-0.813,-1.786,-0.128
1,502.703,0.75,-0.901,-1.932,-0.234
2,502.703,1.2,1.838,4.371,0.586
3,502.703,0.7,-0.39,-0.991,-0.138
4,502.703,1.1,-0.403,-1.197,-0.275
0,503.29,1.0,-0.726,-1.845,-0.108
1,503.29,0.75,-0.847,-1.912,-0.268
2,503.29,1.2,1.847,4.444,0.594
3,503.29,0.7,-0.471,-1.093,-0.069
4,503.29,1.1,-0.477,-1.171,-0.323
0,503.878,1.0,-0.677,-1.911,-0.146
1,503.878,0.75,-0.733,-1.859,-0.228
2,503.878,1.2,1.856,4.516,0.602
3,503.878,0.7,-0.557,-1.224,-0.057
4,503.878,1.1,-0.555,-1.143,-0.333
0,504.465,1.0,-0.607,-1.832,-0.17
1,504.465,0.75,-0.641,-1.97,-0.206
2,504.465,1.2,1.864,4.588,0.61
3,504.465,0.7,-0.645,-1.355,-0.099
4,504.465,1.1,-0.635,-1.134,-0.308
0,505.052,1.0,-0.496,-1.819,-0.129
1,505.052,0.75,-0.607,-1.951,-0.271
2,505.052,1.2,1.873,4.66,0.618
3,505.052,0.7,-0.729,-1.477,-0.176
4,505.052,1.1,-0.715,-1.159,-0.26
0,505.639,1.0,-0.426,-1.825,-0.13
1,505.639,0.75,-0.536,-1.863,-0.282
2,505.639,1.2,1.881,4.731,0.626
3,505.639,0.7,-0.796,-1.591,-0.264
4,505.639,1.1,-0.793,-1.22,-0.204
0,506.227,1.0,-0.429,-1.784,-0.217
1,506.227,0.75,-0.406,-1.796,-0.183
2,506.227,1.2,1.89,4.803,0.634
3,506.227,0.7,-0.833,-1.697,-0.343
4,506.227,1.1,-0.865,-1.313,-0.151
0,506.814,1.0,-0.355,-1.656,-0.173
1,506.814,0.75,-0.425,-1.819,-0.267
2,506.814,1.2,1.898,4.873,0.642
3,506.814,0.7,-0.839,-1.789,-0.401
4,506.814,1.1,-0.925,-1.432,-0.105
0,507.401,1.0,-0.321,-1.614,-0.159
1,507.401,0.75,-0.437,-1.72,-0.316
2,507.401,1.2,1.906,4.944,0.65
3,507.401,0.7,-0.822,-1.864,-0.436
4,507.401,1.1,-0.967,-1.568,-0.071
0,507.989,1.0,-0.338,-1.601,-0.192
1,507.989,0.75,-0.427,-1.585,-0.305
2,507.989,1.2,1.915,5.015,0.657
3,507.989,0.7,-0.788,-1.918,-0.449
4,507.989,1.1,-0.989,-1.714,-0.049
0,508.576,1.0,-0.398,-1.485,-0.248
1,508.576,0.75,-0.396,-1.603,-0.262
2,508.576,1.2,1.923,5.085,0.665
3,508.576,0.7,-0.745,-1.952,-0.439
4,508.576,1.1,-0.991,-1.861,-0.042
0,509.163,1.0,-0.393,-1.423,-0.211
1,509.163,0.75,-0.483,-1.574,-0.344
2,509.163,1.2,1.931,5.155,0.673
3,509.163,0.7,-0.698,-1.966,-0.406
4,509.163,1.1,-0.975,-2.005,-0.049
0,509.75,1.0,-0.42,-1.42,-0.213
1,509.75,0.75,-0.548,-1.496,-0.373
2,509.75,1.2,1.938,5.224,0.681
3,509.75,0.7,-0.654,-1.962,-0.35
4,509.75,1.1,-0.943,-2.14,-0.071
0,510.338,1.0,-0.497,-1.447,-0.269
1,510.338,0.75,-0.561,-1.408,-0.33
2,510.338,1.2,1.946,5.294,0.688
3,510.338,0.7,-0.616,-1.944,-0.279
4,510.338,1.1,-0.896,-2.262,-0.104
0,510.925,1.0,-0.562,-1.361,-0.272
1,510.925,0.75,-0.6,-1.507,-0.352
2,510.925,1.2,1.954,5.363,0.696
3,510.925,0.7,-0.587,-1.915,-0.201
4,510.925,1.1,-0.838,-2.367,-0.144
0,511.512,1.0,-0.585,-1.373,-0.247
1,511.512,0.75,-0.698,-1.51,-0.403
2,511.512,1.2,1.961,5.432,0.703
3,511.512,0.7,-0.565,-1.872,-0.128
4,511.512,1.1,-0.773,-2.457,-0.186
0,512.099,1.0,-0.634,-1.432,-0.257
1,512.099,0.75,-0.756,-1.482,-0.397
2,512.099,1.2,1.969,5.501,0.711
3,512.099,0.7,-0.552,-1.815,-0.067
4,512.099,1.1,-0.704,-2.533,-0.229
0,512.687,1.0,-0.747,-1.467,-0.318
1,512.687,0.75,-0.722,-1.52,-0.305
2,512.687,1.2,1.976,5.569,0.719
3,512.687,0.7,-0.549,-1.74,-0.024
4,512.687,1.1,-0.634,-2.599,-0.272
0,513.274,1.0,-0.749,-1.468,-0.248
1,513.274,0.75,-0.82,-1.632,-0.363
2,513.274,1.2,1.984,5.637,0.726
3,513.274,0.7,-0.565,-1.647,-0.01
4,513.274,1.1,-0.565,-2.655,-0.313
0,513.861,1.0,-0.756,-1.55,-0.198
1,513.861,0.75,-0.882,-1.658,-0.358
2,513.861,1.2,1.991,5.705,0.734
3,513.861,0.7,-0.609,-1.541,-0.035
4,513.861,1.1,-0.496,-2.703,-0.354
0,514.449,1.0,-0.759,-1.649,-0.152
1,514.449,0.75,-0.89,-1.649,-0.288
2,514.449,1.2,1.998,5.773,0.741
3,514.449,0.7,-0.714,-1.461,-0.127
4,514.449,1.1,-0.429,-2.745,-0.394
0,515.036,1.0,-0.809,-1.637,-0.142
1,515.036,0.75,-0.791,-1.686,-0.141
2,515.036,1.2,2.005,5.841,0.749
3,515.036,0.7,-0.864,-1.499,-0.25
4,515.036,1.1,-0.364,-2.78,-0.432
0,515.623,1.0,-0.756,-1.578,-0.041
1,515.623,0.75,-0.859,-1.683,-0.182
2,515.623,1.2,2.012,5.909,0.756
3,515.623,0.7,-0.976,-1.656,-0.305
4,515.623,1.1,-0.301,-2.81,-0.47
0,516.21,1.0,-0.755,-1.577,-0.016
1,516.21,0.75,-0.93,-1.606,-0.202
2,516.21,1.2,2.019,5.976,0.763
3,516.21,0.7,-1.01,-1.817,-0.274
4,516.21,1.1,-0.24,-2.834,-0.506
0,516.798,1.0,-0.794,-1.593,-0.036
1,516.798,0.75,-0.979,-1.561,-0.199
2,516.798,1.2,2.026,6.043,0.771
3,516.798,0.7,-1.004,-1.925,-0.206
4,516.798,1.1,-0.182,-2.855,-0.541
0,517.385,1.0,-0.88,-1.614,-0.097
1,517.385,0.75,-0.977,-1.551,-0.152
2,517.385,1.2,2.033,6.11,0.778
3,517.385,0.7,-0.984,-1.994,-0.129
4,517.385,1.1,-0.126,-2.871,-0.575
0,517.972,1.0,-0.933,-1.582,-0.08
1,517.972,0.75,-1.022,-1.652,-0.212
2,517.972,1.2,2.04,6.177,0.785
3,517.972,0.7,-0.955,-2.025,-0.052
4,517.972,1.1,-0.072,-2.884,-0.607
0,518.559,1.0,-0.945,-1.639,-0.067
1,518.559,0.75,-1.119,-1.673,-0.259
2,518.559,1.2,2.047,6.243,0.793
3,518.559,0.7,-0.926,-2.02,0.016
4,518.559,1.1,-0.022,-2.894,-0.638
0,519.147,1.0,-0.986,-1.722,-0.086
1,519.147,0.75,-1.168,-1.695,-0.252
2,519.147,1.2,2.053,6.31,0.8
3,519.147,0.7,-0.903,-1.981,0.069
4,519.147,1.1,0.027,-2.901,-0.667
0,519.734,1.0,-1.057,-1.819,-0.125
1,519.734,0.75,-1.158,-1.735,-0.192
2,519.734,1.2,2.06,6.376,0.807
3,519.734,0.7,-0.896,-1.905,0.093
4,519.734,1.1,0.073,-2.906,-0.695
0,520.321,1.0,-1.098,-1.829,-0.1
1,520.321,0.75,-1.149,-1.916,-0.174
2,520.321,1.2,2.066,6.442,0.815
3,520.321,0.7,-0.927,-1.808,0.068
4,520.321,1.1,0.117,-2.908,-0.722
0,520.909,1.0,-1.035,-1.914,-0.009
1,520.909,0.75,-1.214,-1.966,-0.184
2,520.909,1.2,2.073,6.508,0.822
3,520.909,0.7,-1.024,-1.745,-0.023
4,520.909,1.1,0.159,-2.909,-0.747
0,521.496,1.0,-0.994,-1.944,0.046
1,521.496,0.75,-1.216,-1.977,-0.135
2,521.496,1.2,2.079,6.574,0.829
3,521.496,0.7,-1.153,-1.806,-0.13
4,521.496,1.1,0.198,-2.907,-0.772
0,522.083,1.0,-1.003,-1.954,0.052
1,522.083,0.75,-1.174,-1.902,-0.092
2,522.083,1.2,2.086,6.639,0.836
3,522.083,0.7,-1.254,-1.991,-0.161
4,522.083,1.1,0.235,-2.903,-0.794
0,522.67,1.0,-1.074,-1.952,0.003
1,522.67,0.75,-1.14,-1.862,-0.087
2,522.67,1.2,2.092,6.705,0.843
3,522.67,0.7,-1.254,-2.156,-0.074
4,522.67,1.1,0.27,-2.898,-0.816
0,523.258,1.0,-1.092,-1.9,-0.043
1,523.258,0.75,-1.216,-1.953,-0.1
2,523.258,1.2,2.099,6.77,0.851
3,523.258,0.7,-1.211,-2.255,0.025
4,523.258,1.1,0.303,-2.892,-0.837
0,523.845,1.0,-1.109,-1.957,-0.036
1,523.845,0.75,-1.3,-1.949,-0.171
2,523.845,1.2,2.105,6.835,0.858
3,523.845,0.7,-1.155,-2.302,0.11
4,523.845,1.1,0.333,-2.884,-0.856
0,524.432,1.0,-1.175,-2.032,-0.056
1,524.432,0.75,-1.316,-1.957,-0.19
2,524.432,1.2,2.111,6.9,0.865
3,524.432,0.7,-1.098,-2.313,0.175
4,524.432,1.1,0.362,-2.875,-0.874
0,525.019,1.0,-1.285,-2.079,-0.119
1,525.019,0.75,-1.263,-2.027,-0.131
2,525.019,1.2,2.117,6.965,0.872
3,525.019,0.7,-1.051,-2.296,0.217
4,525.019,1.1,0.388,-2.865,-0.891
0,525.607,1.0,-1.241,-2.1,-0.091
1,525.607,0.75,-1.398,-2.15,-0.172
2,525.607,1.2,2.123,7.03,0.879
3,525.607,0.7,-1.017,-2.264,0.234
4,525.607,1.1,0.413,-2.853,-0.907
0,526.194,1.0,-1.257,-2.206,-0.058
1,526.194,0.75,-1.435,-2.17,-0.199
2,526.194,1.2,2.13,7.094,0.886
3,526.194,0.7,-1.001,-2.221,0.226
4,526.194,1.1,0.435,-2.841,-0.922
0,526.781,1.0,-1.304,-2.303,-0.047
1,526.781,0.75,-1.406,-2.202,-0.174
2,526.781,1.2,2.136,7.159,0.893
3,526.781,0.7,-1.008,-2.178,0.193
4,526.781,1.1,0.455,-2.829,-0.936
0,527.368,1.0,-1.353,-2.313,-0.085
1,527.368,0.75,-1.347,-2.345,-0.063
2,527.368,1.2,2.142,7.223,0.9
3,527.368,0.7,-1.04,-2.142,0.136
4,527.368,1.1,0.474,-2.815,-0.948
0,527.956,1.0,-1.266,-2.382,0.005
1,527.956,0.75,-1.439,-2.391,-0.105
2,527.956,1.2,2.148,7.287,0.907
3,527.956,0.7,-1.102,-2.127,0.058
4,527.956,1.1,0.49,-2.801,-0.96
0,528.543,1.0,-1.244,-2.453,0.061
1,528.543,0.75,-1.413,-2.396,-0.091
2,528.543,1.2,2.154,7.351,0.914
3,528.543,0.7,-1.194,-2.154,-0.031
4,528.543,1.1,0.505,-2.786,-0.97
0,529.13,1.0,-1.258,-2.483,0.069
1,529.13,0.75,-1.313,-2.399,-0.024
2,529.13,1.2,2.159,7.415,0.921
3,529.13,0.7,-1.311,-2.242,-0.113
4,529.13,1.1,0.517,-2.77,-0.979
0,529.718,1.0,-1.206,-2.399,0.049
1,529.718,0.75,-1.312,-2.47,0.022
2,529.718,1.2,2.165,7.479,0.928
3,529.718,0.7,-1.413,-2.419,-0.132
4,529.718,1.1,0.528,-2.754,-0.988
0,530.305,1.0,-1.169,-2.408,0.07
1,530.305,0.75,-1.367,-2.417,-0.079
2,530.305,1.2,2.171,7.543,0.935
3,530.305,0.7,-1.43,-2.598,-0.056
4,530.305,1.1,0.536,-2.738,-0.995
0,530.892,1.0,-1.195,-2.436,0.052
1,530.892,0.75,-1.395,-2.416,-0.149
2,530.892,1.2,2.177,7.606,0.942
3,530.892,0.7,-1.383,-2.695,0.044
4,530.892,1.1,0.543,-2.722,-1.001
0,531.479,1.0,-1.264,-2.483,0.004
1,531.479,0.75,-1.386,-2.441,-0.169
2,531.479,1.2,2.183,7.67,0.949
3,531.479,0.7,-1.313,-2.736,0.129
4,531.479,1.1,0.548,-2.705,-1.006
0,532.067,1.0,-1.344,-2.511,-0.103
1,532.067,0.75,-1.363,-2.54,-0.079
2,532.067,1.2,2.188,7.733,0.956
3,532.067,0.7,-1.237,-2.724,0.181
4,532.067,1.1,0.551,-2.688,-1.01
0,532.654,1.0,-1.297,-2.573,-0.053
1,532.654,0.75,-1.491,-2.625,-0.16
2,532.654,1.2,2.194,7.796,0.963
3,532.654,0.7,-1.177,-2.68,0.19
4,532.654,1.1,0.551,-2.67,-1.013
0,533.241,1.0,-1.301,-2.671,-0.002
1,533.241,0.75,-1.52,-2.678,-0.198
2,533.241,1.2,2.2,7.86,0.97
3,533.241,0.7,-1.148,-2.62,0.148
4,533.241,1.1,0.55,-2.653,-1.015
0,533.828,1.0,-1.294,-2.754,0.059
1,533.828,0.75,-1.506,-2.727,-0.197
2,533.828,1.2,2.205,7.923,0.976
3,533.828,0.7,-1.179,-2.583,0.05
4,533.828,1.1,0.548,-2.636,-1.016
0,534.416,1.0,-1.27,-2.787,0.097
1,534.416,0.75,-1.453,-2.773,-0.159
2,534.416,1.2,2.211,7.985,0.983
3,534.416,0.7,-1.272,-2.623,-0.056
4,534.416,1.1,0.543,-2.618,-1.016
0,535.003,1.0,-1.265,-2.779,0.071
1,535.003,0.75,-1.347,-2.754,-0.085
2,535.003,1.2,2.217,8.048,0.99
3,535.003,0.7,-1.393,-2.789,-0.112
4,535.003,1.1,0.536,-2.601,-1.015
0,535.59,1.0,-1.314,-2.731,-0.031
1,535.59,0.75,-1.341,-2.774,-0.096
2,535.59,1.2,2.222,8.111,0.997
3,535.59,0.7,-1.324,-2.969,0.03
4,535.59,1.1,0.527,-2.584,-1.013
0,536.178,1.0,-1.321,-2.78,-0.036
1,536.178,0.75,-1.41,-2.783,-0.217
2,536.178,1.2,2.228,8.173,1.004
3,536.178,0.7,-1.233,-3.025,0.15
4,536.178,1.1,0.517,-2.567,-1.01
0,536.765,1.0,-1.358,-2.853,-0.103
1,536.765,0.75,-1.423,-2.794,-0.225
2,536.765,1.2,2.233,8.236,1.011
3,536.765,0.7,-1.155,-3.041,0.236
4,536.765,1.1,0.504,-2.55,-1.006
0,537.352,1.0,-1.385,-2.859,-0.14
1,537.352,0.75,-1.435,-2.909,-0.252
2,537.352,1.2,2.239,8.298,1.017
3,537.352,0.7,-1.091,-3.043,0.298
4,537.352,1.1,0.49,-2.534,-1.0
0,537.939,1.0,-1.383,-2.944,-0.139
1,537.939,0.75,-1.472,-2.923,-0.316
2,537.939,1.2,2.244,8.361,1.024
3,537.939,0.7,-1.037,-3.038,0.343
4,537.939,1.1,0.473,-2.518,-0.994
0,538.527,1.0,-1.416,-3.018,-0.21
1,538.527,0.75,-1.454,-2.953,-0.273
2,538.527,1.2,2.25,8.423,1.031
3,538.527,0.7,-0.991,-3.031,0.375
4,538.527,1.1,0.455,-2.502,-0.987
0,539.114,1.0,-1.409,-3.032,-0.19
1,539.114,0.75,-1.48,-3.063,-0.341
2,539.114,1.2,2.255,8.485,1.038
3,539.114,0.7,-0.951,-3.023,0.396
4,539.114,1.1,0.435,-2.487,-0.978
0,539.701,1.0,-1.406,-3.119,-0.2
1,539.701,0.75,-1.491,-3.075,-0.363
2,539.701,1.2,2.26,8.547,1.044
3,539.701,0.7,-0.917,-3.014,0.408
4,539.701,1.1,0.413,-2.473,-0.969
0,540.288,1.0,-1.445,-3.146,-0.286
1,540.288,0.75,-1.439,-3.167,-0.278
2,540.288,1.2,2.266,8.609,1.051
3,540.288,0.7,-0.889,-3.006,0.411
4,540.288,1.1,0.388,-2.459,-0.959
0,540.876,1.0,-1.403,-3.205,-0.218
1,540.876,0.75,-1.487,-3.212,-0.391
2,540.876,1.2,2.271,8.67,1.058
3,540.876,0.7,-0.865,-3.0,0.406
4,540.876,1.1,0.362,-2.446,-0.947
0,541.463,1.0,-1.401,-3.286,-0.243
1,541.463,0.75,-1.474,-3.225,-0.376
2,541.463,1.2,2.276,8.732,1.064
3,541.463,0.7,-0.846,-2.995,0.394
4,541.463,1.1,0.334,-2.434,-0.935
0,542.05,1.0,-1.407,-3.29,-0.266
1,542.05,0.75,-1.446,-3.339,-0.359
2,542.05,1.2,2.281,8.794,1.071
3,542.05,0.7,-0.83,-2.991,0.376
4,542.05,1.1,0.305,-2.422,-0.921
0,542.638,1.0,-1.374,-3.368,-0.234
1,542.638,0.75,-1.463,-3.349,-0.411
2,542.638,1.2,2.287,8.855,1.078
3,542.638,0.7,-0.819,-2.99,0.351
4,542.638,1.1,0.273,-2.412,-0.906
0,543.225,1.0,-1.376,-3.436,-0.276
1,543.225,0.75,-1.426,-3.368,-0.359
2,543.225,1.2,2.292,8.916,1.084
3,543.225,0.7,-0.812,-2.992,0.32
4,543.225,1.1,0.239,-2.403,-0.89
0,543.812,1.0,-1.351,-3.439,-0.251
1,543.812,0.75,-1.417,-3.471,-0.395
2,543.812,1.2,2.297,8.978,1.091
3,543.812,0.7,-0.808,-2.996,0.283
4,543.812,1.1,0.203,-2.395,-0.873
0,544.399,1.0,-1.321,-3.513,-0.239
1,544.399,0.75,-1.409,-3.473,-0.407
2,544.399,1.2,2.302,9.039,1.098
3,544.399,0.7,-0.808,-3.003,0.239
4,544.399,1.1,0.165,-2.388,-0.855
0,544.987,1.0,-1.335,-3.55,-0.31
1,544.987,0.75,-1.337,-3.519,-0.306
2,544.987,1.2,2.307,9.1,1.104
3,544.987,0.7,-0.813,-3.015,0.189
4,544.987,1.1,0.125,-2.382,-0.835
0,545.574,1.0,-1.274,-3.571,-0.23
1,545.574,0.75,-1.356,-3.579,-0.401
2,545.574,1.2,2.313,9.161,1.111
3,545.574,0.7,-0.821,-3.031,0.133
4,545.574,1.1,0.083,-2.378,-0.814
0,546.161,1.0,-1.246,-3.634,-0.236
1,546.161,0.75,-1.325,-3.576,-0.379
2,546.161,1.2,2.318,9.222,1.118
3,546.161,0.7,-0.833,-3.052,0.071
4,546.161,1.1,0.038,-2.376,-0.792
0,546.748,1.0,-1.233,-3.62,-0.254
1,546.748,0.75,-1.265,-3.666,-0.336
2,546.748,1.2,2.323,9.283,1.124
3,546.748,0.7,-0.851,-3.08,0.003
4,546.748,1.1,-0.009,-2.376,-0.768
0,547.336,1.0,-1.172,-3.672,-0.203
1,547.336,0.75,-1.262,-3.657,-0.382
2,547.336,1.2,2.328,9.344,1.131
3,547.336,0.7,-0.873,-3.116,-0.072
4,547.336,1.1,-0.058,-2.379,-0.743
0,547.923,1.0,-1.145,-3.713,-0.228
1,547.923,0.75,-1.204,-3.649,-0.324
2,547.923,1.2,2.333,9.404,1.137
3,547.923,0.7,-0.901,-3.164,-0.152
4,547.923,1.1,-0.109,-2.383,-0.716
0,548.51,1.0,-1.099,-3.683,-0.196
1,548.51,0.75,-1.162,-3.715,-0.338
2,548.51,1.2,2.338,9.465,1.144
3,548.51,0.7,-0.937,-3.226,-0.238
4,548.51,1.1,-0.164,-2.391,-0.688
0,549.097,1.0,-1.037,-3.711,-0.173
1,549.097,0.75,-1.128,-3.679,-0.342
2,549.097,1.2,2.343,9.526,1.151
3,549.097,0.7,-0.98,-3.313,-0.324
4,549.097,1.1,-0.221,-2.402,-0.658
0,549.685,1.0,-1.021,-3.693,-0.239
1,549.685,0.75,-1.023,-3.663,-0.236
2,549.685,1.2,2.348,9.586,1.157
3,549.685,0.7,-1.031,-3.436,-0.403
4,549.685,1.1,-0.28,-2.416,-0.628
0,550.272,1.0,-0.933,-3.63,-0.179
1,550.272,0.75,-1.019,-3.641,-0.349
2,550.272,1.2,2.353,9.646,1.164
3,550.272,0.7,-1.072,-3.626,-0.429
4,550.272,1.1,-0.342,-2.434,-0.596
0,550.859,1.0,-0.894,-3.615,-0.226
1,550.859,0.75,-1.055,-3.596,-0.458
2,550.859,1.2,2.358,9.707,1.17
3,550.859,0.7,-0.996,-3.762,-0.308
4,550.859,1.1,-0.406,-2.456,-0.563
0,551.447,1.0,-0.909,-3.654,-0.323
1,551.447,0.75,-1.064,-3.62,-0.499
2,551.447,1.2,2.363,9.767,1.177
3,551.447,0.7,-0.869,-3.742,-0.189
4,551.447,1.1,-0.473,-2.484,-0.529
0,552.034,1.0,-0.952,-3.73,-0.409
1,552.034,0.75,-1.009,-3.667,-0.465
2,552.034,1.2,2.368,9.827,1.183
3,552.034,0.7,-0.767,-3.635,-0.168
4,552.034,1.1,-0.541,-2.516,-0.495
0,552.621,1.0,-0.911,-3.743,-0.387
1,552.621,0.75,-1.028,-3.781,-0.525
2,552.621,1.2,2.373,9.887,1.19
3,552.621,0.7,-0.704,-3.536,-0.203
4,552.621,1.1,-0.612,-2.555,-0.459
0,553.208,1.0,-0.863,-3.809,-0.371
1,553.208,0.75,-1.028,-3.797,-0.553
2,553.208,1.2,2.377,9.947,1.196
3,553.208,0.7,-0.666,-3.456,-0.263
4,553.208,1.1,-0.684,-2.601,-0.423
0,553.796,1.0,-0.843,-3.857,-0.391
1,553.796,0.75,-0.975,-3.808,-0.523
2,553.796,1.2,2.382,10.007,1.203
3,553.796,0.7,-0.646,-3.395,-0.336
4,553.796,1.1,-0.757,-2.654,-0.386
0,554.383,1.0,-0.834,-3.84,-0.409
1,554.383,0.75,-0.895,-3.876,-0.491
2,554.383,1.2,2.387,10.067,1.209
3,554.383,0.7,-0.639,-3.348,-0.414
4,554.383,1.1,-0.829,-2.718,-0.349
0,554.97,1.0,-0.75,-3.861,-0.363
1,554.97,0.75,-0.906,-3.866,-0.541
2,554.97,1.2,2.392,10.127,1.216
3,554.97,0.7,-0.644,-3.313,-0.492
4,554.97,1.1,-0.9,-2.793,-0.314
0,555.557,1.0,-0.705,-3.874,-0.366
1,555.557,0.75,-0.86,-3.842,-0.528
2,555.557,1.2,2.397,10.187,1.222
3,555.557,0.7,-0.66,-3.286,-0.565
4,555.557,1.1,-0.967,-2.88,-0.281
0,556.145,1.0,-0.71,-3.861,-0.42
1,556.145,0.75,-0.747,-3.825,-0.448
2,556.145,1.2,2.402,10.246,1.228
3,556.145,0.7,-0.686,-3.269,-0.628
4,556.145,1.1,-1.029,-2.979,-0.253
0,556.732,1.0,-0.623,-3.809,-0.362
1,556.732,0.75,-0.758,-3.834,-0.522
2,556.732,1.2,2.406,10.306,1.235
3,556.732,0.7,-0.721,-3.262,-0.676
4,556.732,1.1,-1.083,-3.09,-0.233
0,557.319,1.0,-0.569,-3.788,-0.353
1,557.319,0.75,-0.733,-3.772,-0.532
2,557.319,1.2,2.411,10.365,1.241
3,557.319,0.7,-0.763,-3.269,-0.708
4,557.319,1.1,-1.128,-3.212,-0.22
0,557.906,1.0,-0.559,-3.753,-0.388
1,557.906,0.75,-0.663,-3.701,-0.488
2,557.906,1.2,2.416,10.425,1.248
3,557.906,0.7,-0.808,-3.293,-0.722
4,557.906,1.1,-1.161,-3.342,-0.216
0,558.494,1.0,-0.54,-3.647,-0.384
1,558.494,0.75,-0.629,-3.697,-0.5
2,558.494,1.2,2.421,10.484,1.254
3,558.494,0.7,-0.852,-3.335,-0.715
4,558.494,1.1,-1.179,-3.479,-0.223
0,559.081,1.0,-0.499,-3.594,-0.363
1,559.081,0.75,-0.658,-3.599,-0.542
2,559.081,1.2,2.425,10.543,1.261
3,559.081,0.7,-0.888,-3.398,-0.684
4,559.081,1.1,-1.179,-3.618,-0.241
0,559.668,1.0,-0.511,-3.54,-0.388
1,559.668,0.75,-0.666,-3.486,-0.532
2,559.668,1.2,2.43,10.603,1.267
3,559.668,0.7,-0.9,-3.485,-0.622
4,559.668,1.1,-1.159,-3.754,-0.271
0,560.256,1.0,-0.597,-3.465,-0.462
1,560.256,0.75,-0.649,-3.409,-0.472
2,560.256,1.2,2.435,10.662,1.273
3,560.256,0.7,-0.865,-3.582,-0.525
4,560.256,1.1,-1.12,-3.878,-0.313
0,560.843,1.0,-0.65,-3.384,-0.419
1,560.843,0.75,-0.754,-3.393,-0.575
2,560.843,1.2,2.439,10.721,1.28
3,560.843,0.7,-0.777,-3.65,-0.405
4,560.843,1.1,-1.062,-3.983,-0.365
0,561.43,1.0,-0.725,-3.391,-0.439
1,561.43,0.75,-0.864,-3.339,-0.575
2,561.43,1.2,2.444,10.78,1.286
3,561.43,0.7,-0.677,-3.669,-0.3
4,561.43,1.1,-0.987,-4.066,-0.421
0,562.017,1.0,-0.862,-3.397,-0.501
1,562.017,0.75,-0.888,-3.345,-0.493
2,562.017,1.2,2.449,10.839,1.293
3,562.017,0.7,-0.597,-3.657,-0.223
4,562.017,1.1,-0.903,-4.128,-0.476
0,562.605,1.0,-0.911,-3.386,-0.428
1,562.605,0.75,-1.014,-3.411,-0.575
2,562.605,1.2,2.453,10.898,1.299
3,562.605,0.7,-0.539,-3.633,-0.169
4,562.605,1.1,-0.814,-4.173,-0.528
0,563.192,1.0,-0.97,-3.453,-0.424
1,563.192,0.75,-1.109,-3.399,-0.554
2,563.192,1.2,2.458,10.957,1.305
3,563.192,0.7,-0.501,-3.607,-0.131
4,563.192,1.1,-0.725,-4.202,-0.577
0,563.779,1.0,-1.086,-3.494,-0.471
1,563.779,0.75,-1.111,-3.438,-0.459
2,563.779,1.2,2.462,11.016,1.312
3,563.779,0.7,-0.479,-3.581,-0.106
4,563.779,1.1,-0.638,-4.218,-0.622
0,564.366,1.0,-1.113,-3.505,-0.388
1,564.366,0.75,-1.213,-3.531,-0.532
2,564.366,1.2,2.467,11.074,1.318
3,564.366,0.7,-0.469,-3.558,-0.093
4,564.366,1.1,-0.554,-4.223,-0.663
0,564.954,1.0,-1.148,-3.589,-0.378
1,564.954,0.75,-1.287,-3.534,-0.505
2,564.954,1.2,2.472,11.133,1.324
3,564.954,0.7,-0.471,-3.539,-0.088
4,564.954,1.1,-0.475,-4.22,-0.7
0,565.541,1.0,-1.242,-3.641,-0.422
1,565.541,0.75,-1.266,-3.587,-0.406
2,565.541,1.2,2.476,11.192,1.331
3,565.541,0.7,-0.483,-3.524,-0.092
4,565.541,1.1,-0.401,-4.211,-0.733
0,566.128,1.0,-1.249,-3.661,-0.335
1,566.128,0.75,-1.347,-3.686,-0.48
2,566.128,1.2,2.481,11.25,1.337
3,566.128,0.7,-0.504,-3.514,-0.103
4,566.128,1.1,-0.332,-4.195,-0.761
0,566.716,1.0,-1.263,-3.751,-0.325
1,566.716,0.75,-1.402,-3.694,-0.45
2,566.716,1.2,2.485,11.309,1.343
3,566.716,0.7,-0.533,-3.509,-0.12
4,566.716,1.1,-0.268,-4.175,-0.786
0,567.303,1.0,-1.339,-3.804,-0.368
1,567.303,0.75,-1.361,-3.752,-0.35
2,567.303,1.2,2.49,11.367,1.35
3,567.303,0.7,-0.57,-3.51,-0.144
4,567.303,1.1,-0.209,-4.151,-0.808
0,567.89,1.0,-1.326,-3.826,-0.28
1,567.89,0.75,-1.424,-3.849,-0.425
2,567.89,1.2,2.494,11.426,1.356
3,567.89,0.7,-0.614,-3.517,-0.172
4,567.89,1.1,-0.154,-4.124,-0.826
0,568.477,1.0,-1.322,-3.914,-0.271
1,568.477,0.75,-1.461,-3.856,-0.393
2,568.477,1.2,2.499,11.484,1.362
3,568.477,0.7,-0.665,-3.53,-0.206
4,568.477,1.1,-0.105,-4.094,-0.84
0,569.065,1.0,-1.381,-3.961,-0.315
1,569.065,0.75,-1.4,-3.914,-0.293
2,569.065,1.2,2.503,11.542,1.368
3,569.065,0.7,-0.723,-3.551,-0.244
4,569.065,1.1,-0.06,-4.063,-0.852
0,569.652,1.0,-1.349,-3.982,-0.225
1,569.652,0.75,-1.448,-4.002,-0.372
2,569.652,1.2,2.508,11.6,1.375
3,569.652,0.7,-0.789,-3.579,-0.285
4,569.652,1.1,-0.02,-4.029,-0.86
0,570.239,1.0,-1.327,-4.062,-0.22
1,570.239,0.75,-1.467,-4.003,-0.34
2,570.239,1.2,2.512,11.659,1.381
3,570.239,0.7,-0.863,-3.617,-0.328
4,570.239,1.1,0.015,-3.995,-0.867
0,570.826,1.0,-1.371,-4.095,-0.267
1,570.826,0.75,-1.382,-4.057,-0.241
2,570.826,1.2,2.517,11.717,1.387
3,570.826,0.7,-0.946,-3.666,-0.371
4,570.826,1.1,0.046,-3.96,-0.87
0,571.414,1.0,-1.315,-4.108,-0.179
1,571.414,0.75,-1.416,-4.126,-0.328
2,571.414,1.2,2.521,11.775,1.394
3,571.414,0.7,-1.039,-3.729,-0.412
4,571.414,1.1,0.072,-3.924,-0.872
0,572.001,1.0,-1.274,-4.171,-0.184
1,572.001,0.75,-1.411,-4.112,-0.3
2,572.001,1.2,2.526,11.833,1.4
3,572.001,0.7,-1.144,-3.81,-0.445
4,572.001,1.1,0.093,-3.889,-0.872
0,572.588,1.0,-1.307,-4.167,-0.243
1,572.588,0.75,-1.291,-4.161,-0.218
2,572.588,1.2,2.53,11.891,1.406
3,572.588,0.7,-1.261,-3.918,-0.462
4,572.588,1.1,0.111,-3.854,-0.87
0,573.176,1.0,-1.218,-4.158,-0.184
1,573.176,0.75,-1.326,-4.173,-0.336
2,573.176,1.2,2.534,11.949,1.412
3,573.176,0.7,-1.38,-4.071,-0.437
4,573.176,1.1,0.125,-3.819,-0.867
0,573.763,1.0,-1.18,-4.184,-0.236
1,573.763,0.75,-1.403,-4.12,-0.403
2,573.763,1.2,2.539,12.007,1.419
3,573.763,0.7,-1.375,-4.242,-0.308
4,573.763,1.1,0.135,-3.785,-0.862
0,574.35,1.0,-1.23,-4.227,-0.318
1,574.35,0.75,-1.486,-4.173,-0.408
2,574.35,1.2,2.543,12.064,1.425
3,574.35,0.7,-1.233,-4.276,-0.205
4,574.35,1.1,0.142,-3.752,-0.856
0,574.937,1.0,-1.328,-4.305,-0.32
1,574.937,0.75,-1.496,-4.249,-0.377
2,574.937,1.2,2.548,12.122,1.431
3,574.937,0.7,-1.096,-4.232,-0.259
4,574.937,1.1,0.145,-3.721,-0.848
0,575.525,1.0,-1.372,-4.362,-0.302
1,575.525,0.75,-1.499,-4.34,-0.336
2,575.525,1.2,2.552,12.18,1.437
3,575.525,0.7,-1.036,-4.2,-0.354
4,575.525,1.1,0.145,-3.69,-0.839
0,576.112,1.0,-1.34,-4.441,-0.262
1,576.112,0.75,-1.564,-4.386,-0.327
2,576.112,1.2,2.556,12.238,1.443
3,576.112,0.7,-1.014,-4.182,-0.447
4,576.112,1.1,0.142,-3.661,-0.83
0,576.699,1.0,-1.352,-4.498,-0.243
1,576.699,0.75,-1.548,-4.447,-0.299
2,576.699,1.2,2.561,12.295,1.45
3,576.699,0.7,-1.012,-4.178,-0.531
4,576.699,1.1,0.135,-3.633,-0.819
0,577.286,1.0,-1.429,-4.53,-0.249
1,577.286,0.0,null,null,null
2,577.286,1.2,2.565,12.353,1.456
3,577.286,0.7,-1.022,-4.183,-0.607
4,577.286,1.1,0.126,-3.607,-0.807
0,577.874,1.75,-1.416,-4.579,-0.235
1,577.874,0.0,null,null,null
2,577.874,1.2,2.569,12.41,1.462
3,577.874,0.7,-1.041,-4.196,-0.673
4,577.874,1.1,0.113,-3.583,-0.794
0,578.461,1.75,-1.399,-4.624,-0.225
1,578.461,0.0,null,null,null
2,578.461,1.2,2.574,12.468,1.468
3,578.461,0.7,-1.066,-4.217,-0.729
4,578.461,1.1,0.097,-3.561,-0.78
0,579.048,1.75,-1.379,-4.666,-0.219
1,579.048,0.0,null,null,null
2,579.048,1.2,2.578,12.525,1.474
3,579.048,0.7,-1.094,-4.244,-0.776
4,579.048,1.1,0.078,-3.54,-0.766
0,579.635,1.75,-1.356,-4.705,-0.217
1,579.635,0.0,null,null,null
2,579.635,1.2,2.582,12.583,1.481
3,579.635,0.7,-1.125,-4.276,-0.816
4,579.635,1.1,0.057,-3.521,-0.751
0,580.223,1.75,-1.331,-4.739,-0.219
1,580.223,0.0,null,null,null
2,580.223,1.2,2.586,12.64,1.487
3,580.223,0.7,-1.158,-4.314,-0.844
4,580.223,1.1,0.033,-3.504,-0.736
0,580.81,1.75,-1.304,-4.771,-0.225
1,580.81,0.0,null,null,null
2,580.81,1.2,2.591,12.697,1.493
3,580.81,0.7,-1.191,-4.357,-0.864
4,580.81,1.1,0.006,-3.489,-0.72
0,581.397,1.75,-1.275,-4.799,-0.236
1,581.397,0.0,null,null,null
2,581.397,1.2,2.595,12.754,1.499
3,581.397,0.7,-1.224,-4.404,-0.874
4,581.397,1.1,-0.023,-3.476,-0.704
0,581.985,1.75,-1.246,-4.824,-0.25
1,581.985,0.0,null,null,null
2,581.985,1.2,2.599,12.812,1.505
3,581.985,0.7,-1.257,-4.457,-0.875
4,581.985,1.1,-0.053,-3.465,-0.688
0,582.572,1.75,-1.216,-4.846,-0.269
1,582.572,0.0,null,null,null
2,582.572,1.2,2.603,12.869,1.511
3,582.572,0.7,-1.288,-4.515,-0.865
4,582.572,1.1,-0.086,-3.456,-0.671
0,583.159,1.75,-1.185,-4.863,-0.293
1,583.159,0.0,null,null,null
2,583.159,1.2,2.608,12.926,1.518
3,583.159,0.7,-1.317,-4.579,-0.84
4,583.159,1.1,-0.121,-3.45,-0.654
0,583.746,1.75,-1.155,-4.876,-0.325
1,583.746,0.0,null,null,null
2,583.746,1.2,2.612,12.983,1.524
3,583.746,0.7,-1.34,-4.651,-0.798
4,583.746,1.1,-0.159,-3.446,-0.637
0,584.334,1.75,-1.128,-4.884,-0.365
1,584.334,0.0,null,null,null
2,584.334,1.2,2.616,13.04,1.53
3,584.334,0.7,-1.354,-4.73,-0.738
4,584.334,1.1,-0.198,-3.445,-0.619
0,584.921,1.75,-1.106,-4.887,-0.415
1,584.921,0.0,null,null,null
2,584.921,1.2,2.62,13.097,1.536
3,584.921,0.7,-1.351,-4.82,-0.651
4,584.921,1.1,-0.239,-3.446,-0.601
0,585.508,1.75,-1.103,-4.884,-0.482
1,585.508,0.0,null,null,null
2,585.508,1.2,2.625,13.154,1.542
3,585.508,0.7,-1.297,-4.917,-0.523
4,585.508,1.1,-0.282,-3.45,-0.583
0,586.096,1.75,-1.161,-4.905,-0.538
1,586.096,0.0,null,null,null
2,586.096,1.2,2.629,13.211,1.548
3,586.096,0.7,-1.089,-4.953,-0.421
4,586.096,1.1,-0.327,-3.456,-0.565
0,586.683,1.75,-1.202,-4.964,-0.519
1,586.683,0.0,null,null,null
2,586.683,1.2,2.633,13.267,1.554
3,586.683,0.7,-0.923,-4.888,-0.509
4,586.683,1.1,-0.374,-3.466,-0.546
0,587.27,1.75,-1.205,-5.015,-0.493
1,587.27,0.0,null,null,null
2,587.27,1.2,2.637,13.324,1.56
3,587.27,0.7,-0.846,-4.837,-0.614
4,587.27,1.1,-0.422,-3.48,-0.528
0,587.857,1.75,-1.193,-5.057,-0.471
1,587.857,0.0,null,null,null
2,587.857,1.2,2.641,13.381,1.567
3,587.857,0.7,-0.805,-4.801,-0.708
4,587.857,1.1,-0.471,-3.496,-0.509
0,588.445,1.75,-1.173,-5.094,-0.454
1,588.445,0.0,null,null,null
2,588.445,1.2,2.645,13.438,1.573
3,588.445,0.7,-0.783,-4.775,-0.79
4,588.445,1.1,-0.522,-3.517,-0.491
0,589.032,1.75,-1.147,-5.125,-0.441
1,589.032,0.0,null,null,null
2,589.032,1.2,2.65,13.494,1.579
3,589.032,0.7,-0.773,-4.758,-0.861
4,589.032,1.1,-0.574,-3.541,-0.473
0,589.619,1.75,-1.117,-5.151,-0.432
1,589.619,0.0,null,null,null
2,589.619,1.2,2.654,13.551,1.585
3,589.619,0.7,-0.772,-4.746,-0.922
4,589.619,1.1,-0.628,-3.568,-0.455
0,590.206,1.75,-1.083,-5.172,-0.427
1,590.206,0.0,null,null,null
2,590.206,1.2,2.658,13.608,1.591
3,590.206,0.7,-0.777,-4.74,-0.972
4,590.206,1.1,-0.682,-3.601,-0.438
0,590.794,1.75,-1.047,-5.188,-0.425
1,590.794,0.0,null,null,null
2,590.794,1.2,2.662,13.664,1.597
3,590.794,0.7,-0.787,-4.738,-1.011
4,590.794,1.1,-0.737,-3.637,-0.422
0,591.381,1.75,-1.01,-5.2,-0.427
1,591.381,0.0,null,null,null
2,591.381,1.2,2.666,13.721,1.603
3,591.381,0.7,-0.8,-4.74,-1.041
4,591.381,1.1,-0.793,-3.678,-0.407
0,591.968,1.75,-0.971,-5.209,-0.432
1,591.968,0.0,null,null,null
2,591.968,1.2,2.67,13.777,1.609
3,591.968,0.7,-0.816,-4.746,-1.062
4,591.968,1.1,-0.849,-3.723,-0.392
0,592.555,1.75,-0.931,-5.211,-0.441
1,592.555,0.0,null,null,null
2,592.555,1.2,2.674,13.834,1.615
3,592.555,0.7,-0.835,-4.756,-1.07
4,592.555,1.1,-0.905,-3.774,-0.379
0,593.143,1.75,-0.891,-5.212,-0.452
1,593.143,0.0,null,null,null
2,593.143,1.2,2.678,13.89,1.621
3,593.143,0.7,-0.854,-4.769,-1.073
4,593.143,1.1,-0.961,-3.827,-0.367
0,593.73,1.75,-0.85,-5.205,-0.468
1,593.73,0.0,null,null,null
2,593.73,1.2,2.683,13.946,1.627
3,593.73,0.7,-0.875,-4.788,-1.059
4,593.73,1.1,-1.017,-3.887,-0.356
0,594.317,1.75,-0.81,-5.193,-0.488
1,594.317,0.0,null,null,null
2,594.317,1.2,2.687,14.003,1.633
3,594.317,0.7,-0.895,-4.811,-1.034
4,594.317,1.1,-1.072,-3.952,-0.347
0,594.905,1.75,-0.772,-5.175,-0.513
1,594.905,0.0,null,null,null
2,594.905,1.2,2.691,14.059,1.639
3,594.905,0.7,-0.915,-4.841,-0.994
4,594.905,1.1,-1.126,-4.023,-0.34
0,595.492,1.75,-0.735,-5.15,-0.543
1,595.492,0.0,null,null,null
2,595.492,1.2,2.695,14.115,1.645
3,595.492,0.7,-0.93,-4.877,-0.937
4,595.492,1.1,-1.178,-4.101,-0.335
0,596.079,1.75,-0.705,-5.116,-0.581
1,596.079,0.0,null,null,null
2,596.079,1.2,2.699,14.171,1.651
3,596.079,0.7,-0.936,-4.926,-0.855
4,596.079,1.1,-1.227,-4.185,-0.333
0,596.666,1.75,-0.687,-5.071,-0.63
1,596.666,0.0,null,null,null
2,596.666,1.2,2.703,14.228,1.658
3,596.666,0.7,-0.916,-4.99,-0.742
4,596.666,1.1,-1.272,-4.277,-0.334
0,597.254,1.75,-0.715,-5.015,-0.688
1,597.254,0.0,null,null,null
2,597.254,1.2,2.707,14.284,1.664
3,597.254,0.7,-0.791,-5.07,-0.601
4,597.254,1.1,-1.313,-4.377,-0.338
0,597.841,1.75,-0.788,-5.0,-0.675
1,597.841,0.0,null,null,null
2,597.841,1.2,2.711,14.34,1.67
3,597.841,0.7,-0.564,-5.034,-0.632
4,597.841,1.1,-1.346,-4.485,-0.346
0,598.428,1.75,-0.818,-5.0,-0.632
1,598.428,0.0,null,null,null
2,598.428,1.2,2.715,14.396,1.676
3,598.428,0.7,-0.457,-4.948,-0.727
4,598.428,1.1,-1.37,-4.601,-0.359
0,599.015,1.75,-0.835,-4.993,-0.591
1,599.015,0.0,null,null,null
2,599.015,1.2,2.719,14.452,1.682
3,599.015,0.7,-0.404,-4.867,-0.811
4,599.015,1.1,-1.381,-4.725,-0.378
0,599.603,1.75,-0.851,-4.979,-0.551
1,599.603,0.0,null,null,null
2,599.603,1.2,2.723,14.508,1.688
3,599.603,0.7,-0.381,-4.791,-0.88
4,599.603,1.1,-1.375,-4.856,-0.404
0,600.19,1.75,-0.873,-4.96,-0.512
1,600.19,0.0,null,null,null
2,600.19,1.2,2.727,14.564,1.694
3,600.19,0.7,-0.376,-4.722,-0.938
4,600.19,1.1,-1.347,-4.992,-0.436
0,600.777,1.75,-0.911,-4.941,-0.474
1,600.777,0.0,null,null,null
2,600.777,1.2,2.731,14.62,1.7
3,600.777,0.7,-0.384,-4.659,-0.985
4,600.777,1.1,-1.286,-5.123,-0.474
0,601.365,1.75,-0.966,-4.931,-0.438
1,601.365,0.0,null,null,null
2,601.365,1.2,2.735,14.676,1.706
3,601.365,0.7,-0.403,-4.601,-1.024
4,601.365,1.1,-1.19,-5.237,-0.512
0,601.952,1.75,-1.036,-4.943,-0.411
1,601.952,0.0,null,null,null
2,601.952,1.2,2.739,14.731,1.712
3,601.952,0.7,-0.431,-4.548,-1.054
4,601.952,1.1,-1.066,-5.312,-0.542
0,602.539,1.75,-1.106,-4.979,-0.395
1,602.539,0.0,null,null,null
2,602.539,1.2,2.743,14.787,1.718
3,602.539,0.7,-0.465,-4.502,-1.078
4,602.539,1.1,-0.937,-5.346,-0.559
0,603.126,1.75,-1.167,-5.033,-0.389
1,603.126,0.0,null,null,null
2,603.126,1.2,2.747,14.843,1.724
3,603.126,0.7,-0.505,-4.46,-1.096
4,603.126,1.1,-0.819,-5.348,-0.564
0,603.714,1.75,-1.214,-5.097,-0.391
1,603.714,0.0,null,null,null
2,603.714,1.2,2.751,14.899,1.73
3,603.714,0.7,-0.549,-4.425,-1.108
4,603.714,1.1,-0.721,-5.328,-0.56
0,604.301,1.75,-1.248,-5.166,-0.398
1,604.301,0.0,null,null,null
2,604.301,1.2,2.755,14.954,1.736
3,604.301,0.7,-0.596,-4.396,-1.116
4,604.301,1.1,-0.641,-5.298,-0.551
0,604.888,1.75,-1.271,-5.236,-0.408
1,604.888,0.0,null,null,null
2,604.888,1.2,2.759,15.01,1.742
3,604.888,0.7,-0.646,-4.373,-1.118
4,604.888,1.1,-0.576,-5.262,-0.539
0,605.475,1.75,-1.285,-5.305,-0.422
1,605.475,0.0,null,null,null
2,605.475,1.2,2.763,15.066,1.748
3,605.475,0.7,-0.698,-4.357,-1.117
4,605.475,1.1,-0.525,-5.223,-0.525
0,606.063,1.75,-1.292,-5.373,-0.436
1,606.063,0.0,null,null,null
2,606.063,1.2,2.767,15.121,1.754
3,606.063,0.7,-0.751,-4.345,-1.111
4,606.063,1.1,-0.485,-5.184,-0.512
0,606.65,1.75,-1.291,-5.437,-0.453
1,606.65,0.0,null,null,null
2,606.65,1.2,2.771,15.177,1.76
3,606.65,0.7,-0.805,-4.341,-1.1
4,606.65,1.1,-0.457,-5.144,-0.499
0,607.237,1.75,-1.283,-5.498,-0.471
1,607.237,0.0,null,null,null
2,607.237,1.2,2.775,15.233,1.765
3,607.237,0.7,-0.859,-4.343,-1.085
4,607.237,1.1,-0.439,-5.106,-0.487
0,607.824,1.75,-1.273,-5.557,-0.489
1,607.824,0.0,null,null,null
2,607.824,1.2,2.779,15.288,1.771
3,607.824,0.7,-0.912,-4.349,-1.068
4,607.824,1.1,-0.426,-5.069,-0.475
0,608.412,1.75,-1.255,-5.61,-0.508
1,608.412,0.0,null,null,null
2,608.412,1.2,2.783,15.344,1.777
3,608.412,0.7,-0.964,-4.365,-1.045
4,608.412,1.1,-0.425,-5.035,-0.467
0,608.999,1.75,-1.236,-5.662,-0.527
1,608.999,0.0,null,null,null
2,608.999,1.2,2.787,15.399,1.783
3,608.999,0.7,-1.015,-4.382,-1.02
4,608.999,1.1,-0.427,-5.002,-0.458
0,609.586,1.75,-1.212,-5.708,-0.546
1,609.586,0.0,null,null,null
2,609.586,1.2,2.79,15.454,1.789
3,609.586,0.7,-1.063,-4.409,-0.989
4,609.586,1.1,-0.439,-4.973,-0.454
0,610.174,1.75,-1.186,-5.751,-0.566
1,610.174,0.0,null,null,null
2,610.174,1.2,2.794,15.51,1.795
3,610.174,0.7,-1.11,-4.441,-0.956
4,610.174,1.1,-0.456,-4.945,-0.45
0,610.761,1.75,-1.159,-5.792,-0.585
1,610.761,0.0,null,null,null
2,610.761,1.2,2.798,15.565,1.801
3,610.761,0.7,-1.155,-4.474,-0.922
4,610.761,1.1,-0.474,-4.919,-0.447
0,611.348,1.75,-1.127,-5.825,-0.605
1,611.348,0.0,null,null,null
2,611.348,1.2,2.802,15.62,1.807
3,611.348,0.7,-1.193,-4.519,-0.881
4,611.348,1.1,-0.505,-4.898,-0.449
0,611.935,1.75,-1.095,-5.858,-0.624
1,611.935,0.0,null,null,null
2,611.935,1.2,2.806,15.676,1.813
3,611.935,0.7,-1.232,-4.565,-0.84
4,611.935,1.1,-0.535,-4.877,-0.45
0,612.523,1.75,-1.06,-5.882,-0.643
1,612.523,0.0,null,null,null
2,612.523,1.2,2.81,15.731,1.819
3,612.523,0.7,-1.26,-4.622,-0.792
4,612.523,1.1,-0.576,-4.862,-0.457
0,613.11,1.75,-1.025,-5.904,-0.662
1,613.11,0.0,null,null,null
2,613.11,1.2,2.814,15.786,1.825
3,613.11,0.7,-1.285,-4.682,-0.743
4,613.11,1.1,-0.621,-4.85,-0.465
0,613.697,1.75,-0.989,-5.921,-0.68
1,613.697,0.0,null,null,null
2,613.697,1.2,2.818,15.841,1.831
3,613.697,0.7,-1.302,-4.749,-0.69
4,613.697,1.1,-0.672,-4.84,-0.476
0,614.284,1.75,-0.952,-5.931,-0.698
1,614.284,0.0,null,null,null
2,614.284,1.2,2.822,15.897,1.837
3,614.284,0.7,-1.306,-4.823,-0.633
4,614.284,1.1,-0.732,-4.836,-0.49
0,614.872,1.75,-0.916,-5.938,-0.715
1,614.872,0.0,null,null,null
2,614.872,1.2,2.826,15.952,1.843
3,614.872,0.7,-1.298,-4.901,-0.574
4,614.872,1.1,-0.8,-4.837,-0.507
0,615.459,1.75,-0.879,-5.938,-0.731
1,615.459,0.0,null,null,null
2,615.459,1.2,2.829,16.007,1.849
3,615.459,0.7,-1.269,-4.982,-0.514
4,615.459,1.1,-0.88,-4.845,-0.526
0,616.046,1.75,-0.844,-5.933,-0.746
1,616.046,0.0,null,null,null
2,616.046,1.2,2.833,16.062,1.855
3,616.046,0.7,-1.215,-5.059,-0.456
4,616.046,1.1,-0.975,-4.864,-0.546
0,616.634,1.75,-0.81,-5.921,-0.759
1,616.634,0.0,null,null,null
2,616.634,1.2,2.837,16.117,1.86
3,616.634,0.7,-1.129,-5.117,-0.414
4,616.634,1.1,-1.088,-4.906,-0.558
0,617.221,1.75,-0.778,-5.903,-0.771
1,617.221,0.0,null,null,null
2,617.221,1.2,2.841,16.172,1.866
3,617.221,0.7,-1.033,-5.131,-0.409
4,617.221,1.1,-1.204,-4.986,-0.55
0,617.808,1.75,-0.749,-5.878,-0.78
1,617.808,0.0,null,null,null
2,617.808,1.2,2.845,16.227,1.872
3,617.808,0.7,-0.969,-5.12,-0.439
4,617.808,1.1,-1.294,-5.093,-0.522
0,618.395,1.75,-0.724,-5.846,-0.786
1,618.395,0.0,null,null,null
2,618.395,1.2,2.849,16.282,1.878
3,618.395,0.7,-0.939,-5.112,-0.484
4,618.395,1.1,-1.358,-5.208,-0.49
0,618.983,1.75,-0.703,-5.807,-0.789
1,618.983,0.0,null,null,null
2,618.983,1.2,2.852,16.337,1.884
3,618.983,0.7,-0.931,-5.119,-0.534
4,618.983,1.1,-1.401,-5.326,-0.46
0,619.57,1.75,-0.688,-5.761,-0.789
1,619.57,0.0,null,null,null
2,619.57,1.2,2.856,16.392,1.89
3,619.57,0.7,-0.933,-5.143,-0.585
4,619.57,1.1,-1.428,-5.445,-0.434
0,620.157,1.75,-0.679,-5.708,-0.785
1,620.157,0.0,null,null,null
2,620.157,1.2,2.86,16.447,1.896
3,620.157,0.7,-0.941,-5.184,-0.638
4,620.157,1.1,-1.442,-5.562,-0.413
0,620.744,1.75,-0.679,-5.647,-0.776
1,620.744,0.0,null,null,null
2,620.744,1.2,2.864,16.502,1.902
3,620.744,0.7,-0.947,-5.249,-0.692
4,620.744,1.1,-1.442,-5.678,-0.399
0,621.332,1.75,-0.691,-5.576,-0.763
1,621.332,0.0,null,null,null
2,621.332,1.2,2.868,16.556,1.908
3,621.332,0.7,-0.942,-5.343,-0.748
4,621.332,1.1,-1.43,-5.79,-0.391
0,621.919,1.75,-0.73,-5.491,-0.747
1,621.919,0.0,null,null,null
2,621.919,1.2,2.872,16.611,1.913
3,621.919,0.7,-0.888,-5.484,-0.799
4,621.919,1.1,-1.405,-5.897,-0.39
0,622.506,1.75,-0.837,-5.447,-0.768
1,622.506,0.0,null,null,null
2,622.506,1.2,2.875,16.666,1.919
3,622.506,0.7,-0.683,-5.529,-0.75
4,622.506,1.1,-1.371,-5.996,-0.395
0,623.094,1.75,-0.905,-5.474,-0.799
1,623.094,0.0,null,null,null
2,623.094,1.2,2.879,16.721,1.925
3,623.094,0.7,-0.586,-5.413,-0.664
4,623.094,1.1,-1.327,-6.088,-0.406
0,623.681,1.75,-0.953,-5.503,-0.819
1,623.681,0.0,null,null,null
2,623.681,1.2,2.883,16.775,1.931
3,623.681,0.7,-0.552,-5.303,-0.599
4,623.681,1.1,-1.277,-6.171,-0.422
0,624.268,1.75,-0.994,-5.533,-0.831
1,624.268,0.0,null,null,null
2,624.268,1.2,2.887,16.83,1.937
3,624.268,0.7,-0.545,-5.208,-0.547
4,624.268,1.1,-1.222,-6.244,-0.443
0,624.855,1.75,-1.03,-5.564,-0.836
1,624.855,0.0,null,null,null
2,624.855,1.2,2.891,16.885,1.943
3,624.855,0.7,-0.553,-5.125,-0.503
4,624.855,1.1,-1.162,-6.307,-0.469
0,625.443,1.75,-1.064,-5.598,-0.836
1,625.443,0.0,null,null,null
2,625.443,1.2,2.894,16.939,1.949
3,625.443,0.7,-0.571,-5.051,-0.465
4,625.443,1.1,-1.101,-6.359,-0.5
0,626.03,1.75,-1.096,-5.635,-0.832
1,626.03,0.0,null,null,null
2,626.03,1.2,2.898,16.994,1.954
3,626.03,0.7,-0.595,-4.987,-0.432
4,626.03,1.1,-1.039,-6.401,-0.534
0,626.617,1.75,-1.126,-5.675,-0.824
1,626.617,0.0,null,null,null
2,626.617,1.2,2.902,17.049,1.96
3,626.617,0.7,-0.625,-4.93,-0.402
4,626.617,1.1,-0.977,-6.433,-0.572
0,627.204,1.75,-1.153,-5.72,-0.812
1,627.204,0.0,null,null,null
2,627.204,1.2,2.906,17.103,1.966
3,627.204,0.7,-0.659,-4.881,-0.376
4,627.204,1.1,-0.917,-6.452,-0.613
0,627.792,1.75,-1.175,-5.769,-0.798
1,627.792,0.0,null,null,null
2,627.792,1.2,2.909,17.158,1.972
3,627.792,0.7,-0.696,-4.839,-0.353
4,627.792,1.1,-0.861,-6.46,-0.657
0,628.379,1.75,-1.196,-5.822,-0.782
1,628.379,0.0,null,null,null
2,628.379,1.2,2.913,17.212,1.978
3,628.379,0.7,-0.735,-4.8,-0.331
4,628.379,1.1,-0.807,-6.46,-0.703
0,628.966,1.75,-1.209,-5.882,-0.764
1,628.966,0.0,null,null,null
2,628.966,1.2,2.917,17.267,1.984
3,628.966,0.7,-0.777,-4.771,-0.313
4,628.966,1.1,-0.764,-6.443,-0.749
0,629.553,1.75,-1.221,-5.943,-0.746
1,629.553,0.0,null,null,null
2,629.553,1.2,2.921,17.321,1.99
3,629.553,0.7,-0.82,-4.742,-0.295
4,629.553,1.1,-0.723,-6.423,-0.796
0,630.141,1.75,-1.221,-6.013,-0.728
1,630.141,0.0,null,null,null
2,630.141,1.2,2.924,17.376,1.995
3,630.141,0.7,-0.864,-4.722,-0.281
4,630.141,1.1,-0.698,-6.384,-0.841
0,630.728,1.75,-1.214,-6.086,-0.711
1,630.728,0.0,null,null,null
2,630.728,1.2,2.928,17.43,2.001
3,630.728,0.7,-0.909,-4.705,-0.267
4,630.728,1.1,-0.684,-6.339,-0.883
0,631.315,1.75,-1.198,-6.162,-0.697
1,631.315,0.0,null,null,null
2,631.315,1.2,2.932,17.484,2.007
3,631.315,0.7,-0.954,-4.692,-0.255
4,631.315,1.1,-0.685,-6.285,-0.919
0,631.903,1.75,-1.169,-6.239,-0.687
1,631.903,0.0,null,null,null
2,631.903,1.2,2.936,17.539,2.013
3,631.903,0.7,-1.0,-4.684,-0.244
4,631.903,1.1,-0.707,-6.226,-0.947
0,632.49,1.75,-1.127,-6.316,-0.685
1,632.49,0.0,null,null,null
2,632.49,1.2,2.939,17.593,2.019
3,632.49,0.7,-1.045,-4.679,-0.234
4,632.49,1.1,-0.749,-6.167,-0.963
0,633.077,1.75,-1.071,-6.386,-0.693
1,633.077,0.0,null,null,null
2,633.077,1.2,2.943,17.648,2.025
3,633.077,0.7,-1.091,-4.678,-0.226
4,633.077,1.1,-0.813,-6.115,-0.962
0,633.664,1.75,-1.003,-6.442,-0.713
1,633.664,0.0,null,null,null
2,633.664,1.2,2.947,17.702,2.03
3,633.664,0.7,-1.136,-4.681,-0.219
4,633.664,1.1,-0.896,-6.083,-0.941
0,634.252,1.75,-0.931,-6.48,-0.744
1,634.252,0.0,null,null,null
2,634.252,1.2,2.95,17.756,2.036
3,634.252,0.7,-1.181,-4.688,-0.214
4,634.252,1.1,-0.987,-6.078,-0.902
0,634.839,1.75,-0.861,-6.497,-0.782
1,634.839,0.0,null,null,null
2,634.839,1.2,2.954,17.81,2.042
3,634.839,0.7,-1.225,-4.698,-0.21
4,634.839,1.1,-1.073,-6.103,-0.85
0,635.426,1.75,-0.802,-6.494,-0.824
1,635.426,0.0,null,null,null
2,635.426,1.2,2.958,17.865,2.048
3,635.426,0.7,-1.269,-4.711,-0.207
4,635.426,1.1,-1.144,-6.159,-0.791
0,636.013,1.75,-0.756,-6.477,-0.864
1,636.013,0.0,null,null,null
2,636.013,1.2,2.962,17.919,2.054
3,636.013,0.7,-1.312,-4.728,-0.206
4,636.013,1.1,-1.194,-6.234,-0.735
0,636.601,1.75,-0.723,-6.453,-0.9
1,636.601,0.0,null,null,null
2,636.601,1.2,2.965,17.973,2.059
3,636.601,0.7,-1.354,-4.748,-0.206
4,636.601,1.1,-1.223,-6.32,-0.684
0,637.188,1.75,-0.702,-6.424,-0.931
1,637.188,0.0,null,null,null
2,637.188,1.2,2.969,18.027,2.065
3,637.188,0.7,-1.396,-4.771,-0.206
4,637.188,1.1,-1.233,-6.41,-0.641
0,637.775,1.75,-0.693,-6.394,-0.956
1,637.775,0.0,null,null,null
2,637.775,1.2,2.973,18.081,2.071
3,637.775,0.7,-1.437,-4.798,-0.208
4,637.775,1.1,-1.227,-6.499,-0.606
0,638.362,1.75,-0.692,-6.365,-0.975
1,638.362,0.0,null,null,null
2,638.362,1.2,2.976,18.135,2.077
3,638.362,0.7,-1.477,-4.827,-0.211
4,638.362,1.1,-1.207,-6.586,-0.58
0,638.95,1.75,-0.698,-6.338,-0.988
1,638.95,0.0,null,null,null
2,638.95,1.2,2.98,18.189,2.083
3,638.95,0.7,-1.516,-4.859,-0.216
4,638.95,1.1,-1.176,-6.668,-0.562
0,639.537,1.75,-0.712,-6.315,-0.995
1,639.537,0.0,null,null,null
2,639.537,1.2,2.984,18.243,2.088
3,639.537,0.7,-1.553,-4.894,-0.221
4,639.537,1.1,-1.134,-6.74,-0.554
0,640.124,1.75,-0.729,-6.296,-0.998
1,640.124,0.0,null,null,null
2,640.124,1.2,2.987,18.297,2.094
3,640.124,0.7,-1.59,-4.932,-0.227
4,640.124,1.1,-1.088,-6.807,-0.552
0,640.712,1.75,-0.751,-6.28,-0.996
1,640.712,0.0,null,null,null
2,640.712,1.2,2.991,18.351,2.1
3,640.712,0.7,-1.625,-4.973,-0.235
4,640.712,1.1,-1.035,-6.864,-0.557
0,641.299,1.75,-0.775,-6.27,-0.99
1,641.299,0.0,null,null,null
2,641.299,1.2,2.995,18.405,2.106
3,641.299,0.7,-1.659,-5.016,-0.244
4,641.299,1.1,-0.978,-6.911,-0.568
0,641.886,1.75,-0.802,-6.264,-0.979
1,641.886,0.0,null,null,null
2,641.886,1.2,2.998,18.459,2.112
3,641.886,0.7,-1.691,-5.062,-0.253
4,641.886,1.1,-0.919,-6.951,-0.584
0,642.473,1.75,-0.83,-6.263,-0.965
1,642.473,0.0,null,null,null
2,642.473,1.2,3.002,18.513,2.117
3,642.473,0.7,-1.721,-5.111,-0.265
4,642.473,1.1,-0.859,-6.979,-0.606
0,643.061,1.75,-0.859,-6.268,-0.947
1,643.061,0.0,null,null,null
2,643.061,1.2,3.006,18.567,2.123
3,643.061,0.7,-1.749,-5.163,-0.277
4,643.061,1.1,-0.799,-6.997,-0.633
0,643.648,1.75,-0.888,-6.276,-0.927
1,643.648,0.0,null,null,null
2,643.648,1.2,3.009,18.621,2.129
3,643.648,0.7,-1.776,-5.217,-0.291
4,643.648,1.1,-0.74,-7.009,-0.662
0,644.235,1.75,-0.916,-6.295,-0.902
1,644.235,0.0,null,null,null
2,644.235,1.2,3.013,18.675,2.135
3,644.235,0.7,-1.799,-5.276,-0.307
4,644.235,1.1,-0.684,-7.001,-0.698
0,644.823,1.75,-0.945,-6.313,-0.878
1,644.823,0.0,null,null,null
2,644.823,1.2,3.017,18.729,2.14
3,644.823,0.7,-1.822,-5.335,-0.323
4,644.823,1.1,-0.629,-6.993,-0.733
0,645.41,1.75,-0.969,-6.341,-0.849
1,645.41,0.0,null,null,null
2,645.41,1.2,3.02,18.783,2.146
3,645.41,0.7,-1.84,-5.4,-0.342
4,645.41,1.1,-0.583,-6.967,-0.773
0,645.997,1.75,-0.992,-6.371,-0.82
1,645.997,0.0,null,null,null
2,645.997,1.2,3.024,18.836,2.152
3,645.997,0.7,-1.857,-5.466,-0.361
4,645.997,1.1,-0.54,-6.934,-0.813
0,646.584,1.75,-1.007,-6.411,-0.791
1,646.584,0.0,null,null,null
2,646.584,1.2,3.028,18.89,2.158
3,646.584,0.7,-1.868,-5.538,-0.383
4,646.584,1.1,-0.511,-6.885,-0.852
0,647.172,1.75,-1.021,-6.452,-0.761
1,647.172,0.0,null,null,null
2,647.172,1.2,3.031,18.944,2.163
3,647.172,0.7,-1.879,-5.611,-0.406
4,647.172,1.1,-0.486,-6.831,-0.892
0,647.759,1.75,-1.025,-6.5,-0.733
1,647.759,0.0,null,null,null
2,647.759,1.2,3.035,18.998,2.169
3,647.759,0.7,-1.883,-5.689,-0.431
4,647.759,1.1,-0.482,-6.764,-0.926
0,648.346,1.75,-1.025,-6.549,-0.707
1,648.346,0.0,null,null,null
2,648.346,1.2,3.039,19.052,2.175
3,648.346,0.7,-1.884,-5.77,-0.457
4,648.346,1.1,-0.485,-6.693,-0.957
0,648.933,1.75,-1.012,-6.601,-0.687
1,648.933,0.0,null,null,null
2,648.933,1.2,3.042,19.105,2.181
3,648.933,0.7,-1.879,-5.857,-0.485
4,648.933,1.1,-0.513,-6.614,-0.977
0,649.521,1.75,-0.993,-6.651,-0.672
1,649.521,0.0,null,null,null
2,649.521,1.2,3.046,19.159,2.186
3,649.521,0.7,-1.87,-5.947,-0.514
4,649.521,1.1,-0.553,-6.536,-0.99
0,650.108,1.75,-0.964,-6.697,-0.664
1,650.108,0.0,null,null,null
2,650.108,1.2,3.049,19.213,2.192
3,650.108,0.7,-1.855,-6.041,-0.544
4,650.108,1.1,-0.612,-6.461,-0.989
0,650.695,1.75,-0.926,-6.735,-0.665
1,650.695,0.0,null,null,null
2,650.695,1.2,3.053,19.266,2.198
3,650.695,0.7,-1.834,-6.139,-0.576
4,650.695,1.1,-0.69,-6.396,-0.973
0,651.282,1.75,-0.883,-6.761,-0.676
1,651.282,0.0,null,null,null
2,651.282,1.2,3.057,19.32,2.204
3,651.282,0.7,-1.804,-6.241,-0.609
4,651.282,1.1,-0.782,-6.349,-0.94
0,651.87,1.75,-0.838,-6.771,-0.697
1,651.87,0.0,null,null,null
2,651.87,1.2,3.06,19.373,2.209
3,651.87,0.7,-1.765,-6.346,-0.644
4,651.87,1.1,-0.881,-6.324,-0.892
0,652.457,1.75,-0.798,-6.764,-0.724
1,652.457,0.0,null,null,null
2,652.457,1.2,3.064,19.427,2.215
3,652.457,0.7,-1.715,-6.454,-0.681
4,652.457,1.1,-0.981,-6.325,-0.832
0,653.044,1.75,-0.767,-6.74,-0.755
1,653.044,0.0,null,null,null
2,653.044,1.2,3.067,19.481,2.221
3,653.044,0.7,-1.651,-6.563,-0.719
4,653.044,1.1,-1.076,-6.352,-0.764
0,653.632,1.75,-0.751,-6.701,-0.786
1,653.632,0.0,null,null,null
2,653.632,1.2,3.071,19.534,2.227
3,653.632,0.7,-1.566,-6.669,-0.758
4,653.632,1.1,-1.159,-6.406,-0.696
0,654.219,1.75,-0.751,-6.652,-0.815
1,654.219,0.0,null,null,null
2,654.219,1.2,3.075,19.588,2.232
3,654.219,0.7,-1.457,-6.765,-0.795
4,654.219,1.1,-1.232,-6.481,-0.633
0,654.806,1.75,-0.771,-6.599,-0.838
1,654.806,0.0,null,null,null
2,654.806,1.2,3.078,19.641,2.238
3,654.806,0.7,-1.319,-6.839,-0.82
4,654.806,1.1,-1.292,-6.576,-0.586
0,655.393,1.75,-0.81,-6.55,-0.856
1,655.393,0.0,null,null,null
2,655.393,1.2,3.082,19.695,2.244
3,655.393,0.7,-1.161,-6.879,-0.824
4,655.393,1.1,-1.335,-6.687,-0.562
0,655.981,1.75,-0.866,-6.511,-0.867
1,655.981,0.0,null,null,null
2,655.981,1.2,3.085,19.748,2.25
3,655.981,0.7,-0.996,-6.882,-0.809
4,655.981,1.1,-1.354,-6.806,-0.56
0,656.568,1.75,-0.935,-6.493,-0.87
1,656.568,0.0,null,null,null
2,656.568,1.2,3.089,19.802,2.255
3,656.568,0.7,-0.836,-6.841,-0.787
4,656.568,1.1,-1.35,-6.919,-0.575
0,657.155,1.75,-1.006,-6.498,-0.865
1,657.155,0.0,null,null,null
2,657.155,1.2,3.093,19.855,2.261
3,657.155,0.7,-0.702,-6.756,-0.77
4,657.155,1.1,-1.326,-7.022,-0.6
0,657.742,1.75,-1.07,-6.523,-0.852
1,657.742,0.0,null,null,null
2,657.742,1.2,3.096,19.908,2.267
3,657.742,0.7,-0.605,-6.649,-0.76
4,657.742,1.1,-1.29,-7.11,-0.634
0,658.33,1.75,-1.127,-6.559,-0.834
1,658.33,0.0,null,null,null
2,658.33,1.2,3.1,19.962,2.272
3,658.33,0.7,-0.539,-6.536,-0.754
4,658.33,1.1,-1.246,-7.182,-0.672
0,658.917,1.75,-1.177,-6.606,-0.812
1,658.917,0.0,null,null,null
2,658.917,1.2,3.103,20.015,2.278
3,658.917,0.7,-0.498,-6.427,-0.751
4,658.917,1.1,-1.196,-7.235,-0.716
0,659.504,1.75,-1.222,-6.662,-0.788
1,659.504,0.0,null,null,null
2,659.504,1.2,3.107,20.069,2.284
3,659.504,0.7,-0.473,-6.324,-0.749
4,659.504,1.1,-1.144,-7.27,-0.762
0,660.091,1.75,-1.261,-6.728,-0.763
1,660.091,0.0,null,null,null
2,660.091,1.2,3.11,20.122,2.29
3,660.091,0.7,-0.459,-6.228,-0.747
4,660.091,1.1,-1.094,-7.284,-0.808
0,660.679,1.75,-1.295,-6.804,-0.739
1,660.679,0.0,null,null,null
2,660.679,1.2,3.114,20.175,2.295
3,660.679,0.7,-0.453,-6.137,-0.746
4,660.679,1.1,-1.049,-7.28,-0.853
0,661.266,1.75,-1.32,-6.89,-0.719
1,661.266,0.0,null,null,null
2,661.266,1.2,3.118,20.228,2.301
3,661.266,0.7,-0.453,-6.053,-0.745
4,661.266,1.1,-1.013,-7.254,-0.893
0,661.853,1.75,-1.333,-6.988,-0.704
1,661.853,0.0,null,null,null
2,661.853,1.2,3.121,20.282,2.307
3,661.853,0.7,-0.458,-5.975,-0.744
4,661.853,1.1,-0.993,-7.206,-0.922
0,662.441,1.75,-1.329,-7.094,-0.7
1,662.441,0.0,null,null,null
2,662.441,1.2,3.125,20.335,2.312
3,662.441,0.7,-0.467,-5.902,-0.744
4,662.441,1.1,-0.997,-7.142,-0.936
0,663.028,1.75,-1.305,-7.201,-0.709
1,663.028,0.0,null,null,null
2,663.028,1.2,3.128,20.388,2.318
3,663.028,0.7,-0.478,-5.834,-0.743
4,663.028,1.1,-1.032,-7.073,-0.928
0,663.615,1.75,-1.257,-7.296,-0.737
1,663.615,0.0,null,null,null
2,663.615,1.2,3.132,20.441,2.324
3,663.615,0.7,-0.492,-5.77,-0.743
4,663.615,1.1,-1.103,-7.02,-0.889
0,664.202,1.75,-1.194,-7.363,-0.78
1,664.202,0.0,null,null,null
2,664.202,1.2,3.135,20.495,2.33
3,664.202,0.7,-0.508,-5.711,-0.743
4,664.202,1.1,-1.197,-7.01,-0.827
0,664.79,1.75,-1.131,-7.396,-0.827
1,664.79,0.0,null,null,null
2,664.79,1.2,3.139,20.548,2.335
3,664.79,0.7,-0.526,-5.656,-0.744
4,664.79,1.1,-1.291,-7.05,-0.758
0,665.377,1.75,-1.078,-7.403,-0.87
1,665.377,0.0,null,null,null
2,665.377,1.2,3.142,20.601,2.341
3,665.377,0.7,-0.545,-5.603,-0.744
4,665.377,1.1,-1.366,-7.13,-0.696
0,665.964,1.75,-1.041,-7.394,-0.904
1,665.964,0.0,null,null,null
2,665.964,1.2,3.146,20.654,2.347
3,665.964,0.7,-0.566,-5.555,-0.745
4,665.964,1.1,-1.416,-7.233,-0.648
0,666.551,1.75,-1.017,-7.378,-0.928
1,666.551,0.0,null,null,null
2,666.551,1.2,3.15,20.707,2.352
3,666.551,0.7,-0.587,-5.509,-0.745
4,666.551,1.1,-1.444,-7.346,-0.616
0,667.139,1.75,-1.006,-7.36,-0.942
1,667.139,0.0,null,null,null
2,667.139,1.2,3.153,20.76,2.358
3,667.139,0.7,-0.61,-5.466,-0.746
4,667.139,1.1,-1.451,-7.46,-0.599
0,667.726,1.75,-1.006,-7.344,-0.948
1,667.726,0.0,null,null,null
2,667.726,1.2,3.157,20.813,2.364
3,667.726,0.7,-0.633,-5.425,-0.747
4,667.726,1.1,-1.441,-7.57,-0.595
0,668.313,1.75,-1.014,-7.332,-0.947
1,668.313,0.0,null,null,null
2,668.313,1.2,3.16,20.867,2.369
3,668.313,0.7,-0.657,-5.388,-0.748
4,668.313,1.1,-1.416,-7.671,-0.602
0,668.901,1.75,-1.029,-7.325,-0.94
1,668.901,0.0,null,null,null
2,668.901,1.2,3.164,20.92,2.375
3,668.901,0.7,-0.682,-5.353,-0.749
4,668.901,1.1,-1.38,-7.762,-0.619
0,669.488,1.75,-1.049,-7.322,-0.928
1,669.488,0.0,null,null,null
2,669.488,1.2,3.167,20.973,2.381
3,669.488,0.7,-0.707,-5.319,-0.75
4,669.488,1.1,-1.337,-7.845,-0.643
0,670.075,1.75,-1.074,-7.33,-0.911
1,670.075,0.0,null,null,null
2,670.075,1.2,3.171,21.026,2.386
3,670.075,0.7,-0.732,-5.289,-0.751
4,670.075,1.1,-1.284,-7.911,-0.676
0,670.662,1.75,-1.102,-7.344,-0.891
1,670.662,0.0,null,null,null
2,670.662,1.2,3.174,21.079,2.392
3,670.662,0.7,-0.758,-5.261,-0.753
4,670.662,1.1,-1.228,-7.963,-0.713
0,671.25,1.75,-1.131,-7.366,-0.869
1,671.25,0.0,null,null,null
2,671.25,1.2,3.178,21.132,2.398
3,671.25,0.7,-0.784,-5.234,-0.754
4,671.25,1.1,-1.168,-8.004,-0.754
0,671.837,1.75,-1.161,-7.401,-0.844
1,671.837,0.0,null,null,null
2,671.837,1.2,3.181,21.185,2.403
3,671.837,0.7,-0.811,-5.21,-0.756
4,671.837,1.1,-1.108,-8.021,-0.798
0,672.424,1.75,-1.19,-7.44,-0.818
1,672.424,0.0,null,null,null
2,672.424,1.2,3.185,21.238,2.409
3,672.424,0.7,-0.837,-5.187,-0.757
4,672.424,1.1,-1.048,-8.031,-0.844
0,673.011,1.75,-1.216,-7.495,-0.793
1,673.011,0.0,null,null,null
2,673.011,1.2,3.188,21.291,2.415
3,673.011,0.7,-0.864,-5.167,-0.759
4,673.011,1.1,-0.994,-8.014,-0.889
0,673.599,1.75,-1.236,-7.56,-0.771
1,673.599,0.0,null,null,null
2,673.599,1.2,3.192,21.343,2.42
3,673.599,0.7,-0.892,-5.148,-0.761
4,673.599,1.1,-0.948,-7.98,-0.93
0,674.186,1.75,-1.249,-7.637,-0.753
1,674.186,0.0,null,null,null
2,674.186,1.2,3.195,21.396,2.426
3,674.186,0.7,-0.919,-5.131,-0.763
4,674.186,1.1,-0.914,-7.927,-0.964
0,674.773,1.75,-1.249,-7.723,-0.742
1,674.773,0.0,null,null,null
2,674.773,1.2,3.199,21.449,2.432
3,674.773,0.7,-0.947,-5.116,-0.765
4,674.773,1.1,-0.9,-7.857,-0.985
0,675.361,1.75,-1.231,-7.815,-0.744
1,675.361,0.0,null,null,null
2,675.361,1.2,3.202,21.502,2.437
3,675.361,0.7,-0.974,-5.102,-0.766
4,675.361,1.1,-0.914,-7.777,-0.987
0,675.948,1.75,-1.193,-7.904,-0.762
1,675.948,0.0,null,null,null
2,675.948,1.2,3.206,21.555,2.443
3,675.948,0.7,-1.002,-5.09,-0.768
4,675.948,1.1,-0.961,-7.701,-0.964
0,676.535,1.75,-1.136,-7.975,-0.797
1,676.535,0.0,null,null,null
2,676.535,1.2,3.209,21.608,2.449
3,676.535,0.7,-1.03,-5.079,-0.77
4,676.535,1.1,-1.039,-7.653,-0.914
0,677.122,1.75,-1.069,-8.016,-0.842
1,677.122,0.0,null,null,null
2,677.122,1.2,3.213,21.661,2.454
3,677.122,0.7,-1.058,-5.07,-0.772
4,677.122,1.1,-1.13,-7.65,-0.846
0,677.71,1.75,-1.007,-8.027,-0.888
1,677.71,0.0,null,null,null
2,677.71,1.2,3.216,21.713,2.46
3,677.71,0.7,-1.086,-5.062,-0.774
4,677.71,1.1,-1.215,-7.696,-0.778
0,678.297,1.75,-0.959,-8.015,-0.927
1,678.297,0.0,null,null,null
2,678.297,1.2,3.22,21.766,2.466
3,678.297,0.7,-1.113,-5.056,-0.776
4,678.297,1.1,-1.278,-7.777,-0.721
0,678.884,1.75,-0.925,-7.991,-0.957
1,678.884,0.0,null,null,null
2,678.884,1.2,3.223,21.819,2.471
3,678.884,0.7,-1.141,-5.051,-0.779
4,678.884,1.1,-1.318,-7.875,-0.678
0,679.471,1.75,-0.905,-7.962,-0.977
1,679.471,0.0,null,null,null
2,679.471,1.2,3.227,21.872,2.477
3,679.471,0.7,-1.169,-5.048,-0.781
4,679.471,1.1,-1.336,-7.98,-0.651
0,680.059,1.75,-0.898,-7.934,-0.987
1,680.059,0.0,null,null,null
2,680.059,1.2,3.23,21.925,2.483
3,680.059,0.7,-1.197,-5.046,-0.783
4,680.059,1.1,-1.334,-8.085,-0.639
0,680.646,1.75,-0.9,-7.908,-0.99
1,680.646,0.0,null,null,null
2,680.646,1.2,3.234,21.977,2.488
3,680.646,0.7,-1.225,-5.045,-0.785
4,680.646,1.1,-1.316,-8.183,-0.64
0,681.233,1.75,-0.911,-7.888,-0.985
1,681.233,0.0,null,null,null
2,681.233,1.2,3.237,22.03,2.494
3,681.233,0.7,-1.252,-5.045,-0.787
4,681.233,1.1,-1.284,-8.272,-0.653
0,681.821,1.75,-0.929,-7.874,-0.975
1,681.821,0.0,null,null,null
2,681.821,1.2,3.241,22.083,2.499
3,681.821,0.7,-1.28,-5.047,-0.79
4,681.821,1.1,-1.243,-8.351,-0.673
0,682.408,1.75,-0.95,-7.866,-0.961
1,682.408,0.0,null,null,null
2,682.408,1.2,3.244,22.135,2.505
3,682.408,0.7,-1.307,-5.05,-0.792
4,682.408,1.1,-1.196,-8.42,-0.7
0,682.995,1.75,-0.977,-7.869,-0.941
1,682.995,0.0,null,null,null
2,682.995,1.2,3.247,22.188,2.511
3,682.995,0.7,-1.335,-5.054,-0.794
4,682.995,1.1,-1.14,-8.47,-0.736
0,683.582,1.75,-1.005,-7.88,-0.919
1,683.582,0.0,null,null,null
2,683.582,1.2,3.251,22.241,2.516
3,683.582,0.7,-1.362,-5.06,-0.797
4,683.582,1.1,-1.081,-8.507,-0.776
0,684.17,1.75,-1.034,-7.898,-0.895
1,684.17,0.0,null,null,null
2,684.17,1.2,3.254,22.293,2.522
3,684.17,0.7,-1.389,-5.066,-0.799
4,684.17,1.1,-1.021,-8.531,-0.819
0,684.757,1.75,-1.064,-7.929,-0.87
1,684.757,0.0,null,null,null
2,684.757,1.2,3.258,22.346,2.528
3,684.757,0.7,-1.416,-5.074,-0.802
4,684.757,1.1,-0.961,-8.533,-0.864
0,685.344,1.75,-1.092,-7.968,-0.844
1,685.344,0.0,null,null,null
2,685.344,1.2,3.261,22.399,2.533
3,685.344,0.7,-1.442,-5.083,-0.804
4,685.344,1.1,-0.903,-8.524,-0.909
0,685.931,1.75,-1.116,-8.02,-0.819
1,685.931,0.0,null,null,null
2,685.931,1.2,3.265,22.451,2.539
3,685.931,0.7,-1.469,-5.093,-0.807
4,685.931,1.1,-0.852,-8.492,-0.953
0,686.519,1.75,-1.132,-8.084,-0.799
1,686.519,0.0,null,null,null
2,686.519,1.2,3.268,22.504,2.544
3,686.519,0.7,-1.495,-5.105,-0.809
4,686.519,1.1,-0.812,-8.441,-0.99
0,687.106,1.75,-1.14,-8.158,-0.784
1,687.106,0.0,null,null,null
2,687.106,1.2,3.272,22.556,2.55
3,687.106,0.7,-1.522,-5.117,-0.812
4,687.106,1.1,-0.788,-8.372,-1.019
0,687.693,1.75,-1.131,-8.241,-0.779
1,687.693,0.0,null,null,null
2,687.693,1.2,3.275,22.609,2.556
3,687.693,0.7,-1.548,-5.131,-0.814
4,687.693,1.1,-0.789,-8.288,-1.03
0,688.28,1.75,-1.104,-8.326,-0.789
1,688.28,0.0,null,null,null
2,688.28,1.2,3.279,22.661,2.561
3,688.28,0.7,-1.574,-5.146,-0.817
4,688.28,1.1,-0.819,-8.201,-1.02
0,688.868,1.75,-1.057,-8.401,-0.814
1,688.868,0.0,null,null,null
2,688.868,1.2,3.282,22.714,2.567
3,688.868,0.7,-1.599,-5.162,-0.819
4,688.868,1.1,-0.881,-8.128,-0.984
0,689.455,1.75,-0.994,-8.452,-0.855
1,689.455,0.0,null,null,null
2,689.455,1.2,3.285,22.766,2.573
3,689.455,0.7,-1.625,-5.179,-0.822
4,689.455,1.1,-0.968,-8.095,-0.923
0,690.042,1.75,-0.93,-8.47,-0.901
1,690.042,0.0,null,null,null
2,690.042,1.2,3.289,22.819,2.578
3,690.042,0.7,-1.65,-5.197,-0.825
4,690.042,1.1,-1.059,-8.11,-0.854
0,690.63,1.75,-0.874,-8.463,-0.945
1,690.63,0.0,null,null,null
2,690.63,1.2,3.292,22.871,2.584
3,690.63,0.7,-1.675,-5.216,-0.827
4,690.63,1.1,-1.136,-8.167,-0.789
0,691.217,1.75,-0.833,-8.438,-0.98
1,691.217,0.0,null,null,null
2,691.217,1.2,3.296,22.924,2.589
3,691.217,0.7,-1.7,-5.237,-0.83
4,691.217,1.1,-1.188,-8.251,-0.738
0,691.804,1.75,-0.807,-8.405,-1.005
1,691.804,0.0,null,null,null
2,691.804,1.2,3.299,22.976,2.595
3,691.804,0.7,-1.724,-5.258,-0.833
4,691.804,1.1,-1.219,-8.348,-0.703
0,692.391,1.75,-0.794,-8.369,-1.02
1,692.391,0.0,null,null,null
2,692.391,1.2,3.303,23.029,2.601
3,692.391,0.7,-1.748,-5.28,-0.835
4,692.391,1.1,-1.228,-8.447,-0.683
0,692.979,1.75,-0.792,-8.335,-1.026
1,692.979,0.0,null,null,null
2,692.979,1.2,3.306,23.081,2.606
3,692.979,0.7,-1.772,-5.304,-0.838
4,692.979,1.1,-1.219,-8.544,-0.677
0,693.566,1.75,-0.8,-8.305,-1.025
1,693.566,0.0,null,null,null
2,693.566,1.2,3.309,23.133,2.612
3,693.566,0.7,-1.796,-5.329,-0.841
4,693.566,1.1,-1.195,-8.633,-0.684
0,694.153,1.75,-0.815,-8.282,-1.017
1,694.153,0.0,null,null,null
2,694.153,1.2,3.313,23.186,2.617
3,694.153,0.7,-1.819,-5.354,-0.844
4,694.153,1.1,-1.159,-8.711,-0.7
0,694.74,1.75,-0.836,-8.264,-1.005
1,694.74,0.0,null,null,null
2,694.74,1.2,3.316,23.238,2.623
3,694.74,0.7,-1.842,-5.381,-0.847
4,694.74,1.1,-1.115,-8.778,-0.724
0,695.328,1.75,-0.861,-8.254,-0.988
1,695.328,0.0,null,null,null
2,695.328,1.2,3.32,23.291,2.629
3,695.328,0.7,-1.865,-5.409,-0.849
4,695.328,1.1,-1.065,-8.834,-0.756
0,695.915,1.75,-0.891,-8.256,-0.966
1,695.915,0.0,null,null,null
2,695.915,1.2,3.323,23.343,2.634
3,695.915,0.7,-1.887,-5.438,-0.852
4,695.915,1.1,-1.008,-8.87,-0.794
0,696.502,1.75,-0.921,-8.263,-0.943
1,696.502,0.0,null,null,null
2,696.502,1.2,3.327,23.395,2.64
3,696.502,0.7,-1.909,-5.468,-0.855
4,696.502,1.1,-0.949,-8.897,-0.835
0,697.089,1.75,-0.952,-8.284,-0.918
1,697.089,0.0,null,null,null
2,697.089,1.2,3.33,23.447,2.645
3,697.089,0.7,-1.931,-5.499,-0.858
4,697.089,1.1,-0.89,-8.901,-0.88
0,697.677,1.75,-0.982,-8.312,-0.892
1,697.677,0.0,null,null,null
2,697.677,1.2,3.333,23.5,2.651
3,697.677,0.7,-1.952,-5.531,-0.861
4,697.677,1.1,-0.832,-8.893,-0.925
0,698.264,1.75,-1.01,-8.351,-0.866
1,698.264,0.0,null,null,null
2,698.264,1.2,3.337,23.552,2.657
3,698.264,0.7,-1.973,-5.564,-0.864
4,698.264,1.1,-0.778,-8.868,-0.97
0,698.851,1.75,-1.032,-8.404,-0.844
1,698.851,0.0,null,null,null
2,698.851,1.2,3.34,23.604,2.662
3,698.851,0.7,-1.994,-5.598,-0.867
4,698.851,1.1,-0.734,-8.818,-1.011
0,699.439,1.75,-1.045,-8.467,-0.825
1,699.439,0.0,null,null,null
2,699.439,1.2,3.344,23.657,2.668
3,699.439,0.7,-2.014,-5.633,-0.87
4,699.439,1.1,-0.703,-8.752,-1.044
0,700.026,1.75,-1.047,-8.541,-0.815
1,700.026,0.0,null,null,null
2,700.026,1.2,3.347,23.709,2.673
3,700.026,0.7,-2.034,-5.67,-0.873
4,700.026,1.1,-0.691,-8.669,-1.064
0,700.613,1.75,-1.031,-8.619,-0.817
1,700.613,0.0,null,null,null
2,700.613,1.2,3.35,23.761,2.679
3,700.613,0.7,-2.053,-5.707,-0.876
4,700.613,1.1,-0.709,-8.577,-1.065
0,701.2,1.75,-0.996,-8.694,-0.834
1,701.2,0.0,null,null,null
2,701.2,1.2,3.354,23.813,2.685
3,701.2,0.7,-2.072,-5.746,-0.879
4,701.2,1.1,-0.756,-8.49,-1.042
0,701.788,1.75,-0.942,-8.752,-0.868
1,701.788,0.0,null,null,null
2,701.788,1.2,3.357,23.865,2.69
3,701.788,0.7,-2.09,-5.786,-0.882
4,701.788,1.1,-0.834,-8.429,-0.993
0,702.375,1.75,-0.879,-8.784,-0.912
1,702.375,0.0,null,null,null
2,702.375,1.2,3.361,23.918,2.696
3,702.375,0.7,-2.108,-5.827,-0.885
4,702.375,1.1,-0.926,-8.41,-0.927
0,702.962,1.75,-0.819,-8.782,-0.958
1,702.962,0.0,null,null,null
2,702.962,1.2,3.364,23.97,2.701
3,702.962,0.7,-2.126,-5.869,-0.888
4,702.962,1.1,-1.013,-8.442,-0.859
0,703.549,1.75,-0.772,-8.76,-0.997
1,703.549,0.0,null,null,null
2,703.549,1.2,3.367,24.022,2.707
3,703.549,0.7,-2.143,-5.912,-0.891
4,703.549,1.1,-1.082,-8.507,-0.799
0,704.137,1.75,-0.74,-8.724,-1.027
1,704.137,0.0,null,null,null
2,704.137,1.2,3.371,24.074,2.712
3,704.137,0.7,-2.159,-5.956,-0.894
4,704.137,1.1,-1.125,-8.593,-0.756
0,704.724,1.75,-0.723,-8.683,-1.047
1,704.724,0.0,null,null,null
2,704.724,1.2,3.374,24.126,2.718
3,704.724,0.7,-2.175,-6.002,-0.897
4,704.724,1.1,-1.147,-8.687,-0.729
0,705.311,1.75,-0.718,-8.642,-1.058
1,705.311,0.0,null,null,null
2,705.311,1.2,3.378,24.178,2.724
3,705.311,0.7,-2.19,-6.048,-0.9
4,705.311,1.1,-1.149,-8.78,-0.716
0,705.899,1.75,-0.723,-8.603,-1.06
1,705.899,0.0,null,null,null
2,705.899,1.2,3.381,24.231,2.729
3,705.899,0.7,-2.205,-6.096,-0.903
4,705.899,1.1,-1.135,-8.867,-0.716
0,706.486,1.75,-0.737,-8.57,-1.056
1,706.486,0.0,null,null,null
2,706.486,1.2,3.384,24.283,2.735
3,706.486,0.7,-2.219,-6.145,-0.906
4,706.486,1.1,-1.108,-8.946,-0.727
0,707.073,1.75,-0.757,-8.542,-1.046
1,707.073,0.0,null,null,null
2,707.073,1.2,3.388,24.335,2.74
3,707.073,0.7,-2.233,-6.195,-0.909
4,707.073,1.1,-1.071,-9.014,-0.747
0,707.66,1.75,-0.783,-8.523,-1.031
1,707.66,0.0,null,null,null
2,707.66,1.2,3.391,24.387,2.746
3,707.66,0.7,-2.246,-6.247,-0.912
4,707.66,1.1,-1.025,-9.07,-0.775
0,708.248,1.75,-0.814,-8.513,-1.011
1,708.248,0.0,null,null,null
2,708.248,1.2,3.395,24.439,2.751
3,708.248,0.7,-2.258,-6.299,-0.915
4,708.248,1.1,-0.972,-9.108,-0.811
0,708.835,1.75,-0.846,-8.51,-0.989
1,708.835,0.0,null,null,null
2,708.835,1.2,3.398,24.491,2.757
3,708.835,0.7,-2.269,-6.353,-0.918
4,708.835,1.1,-0.917,-9.136,-0.85
0,709.422,1.75,-0.88,-8.519,-0.964
1,709.422,0.0,null,null,null
2,709.422,1.2,3.401,24.543,2.763
3,709.422,0.7,-2.28,-6.408,-0.921
4,709.422,1.1,-0.859,-9.143,-0.894
0,710.009,1.75,-0.914,-8.536,-0.938
1,710.009,0.0,null,null,null
2,710.009,1.2,3.405,24.595,2.768
3,710.009,0.7,-2.29,-6.465,-0.925
4,710.009,1.1,-0.803,-9.136,-0.939
0,710.597,1.75,-0.947,-8.563,-0.912
1,710.597,0.0,null,null,null
2,710.597,1.2,3.408,24.647,2.774
3,710.597,0.7,-2.299,-6.522,-0.928
4,710.597,1.1,-0.749,-9.114,-0.985
0,711.184,1.75,-0.974,-8.605,-0.888
1,711.184,0.0,null,null,null
2,711.184,1.2,3.411,24.699,2.779
3,711.184,0.7,-2.307,-6.582,-0.931
4,711.184,1.1,-0.703,-9.067,-1.027
0,711.771,1.75,-0.996,-8.656,-0.867
1,711.771,0.0,null,null,null
2,711.771,1.2,3.415,24.751,2.785
3,711.771,0.7,-2.314,-6.642,-0.934
4,711.771,1.1,-0.669,-9.003,-1.064
0,712.359,1.75,-1.007,-8.718,-0.853
1,712.359,0.0,null,null,null
2,712.359,1.2,3.418,24.803,2.79
3,712.359,0.7,-2.32,-6.704,-0.937
4,712.359,1.1,-0.65,-8.921,-1.091
0,712.946,1.75,-1.004,-8.788,-0.848
1,712.946,0.0,null,null,null
2,712.946,1.2,3.421,24.855,2.796
3,712.946,0.7,-2.325,-6.768,-0.94
4,712.946,1.1,-0.655,-8.826,-1.103
0,713.533,1.75,-0.983,-8.859,-0.857
1,713.533,0.0,null,null,null
2,713.533,1.2,3.425,24.907,2.801
3,713.533,0.7,-2.329,-6.833,-0.944
4,713.533,1.1,-0.69,-8.729,-1.093
0,714.12,1.75,-0.942,-8.92,-0.882
1,714.12,0.0,null,null,null
2,714.12,1.2,3.428,24.959,2.807
3,714.12,0.7,-2.332,-6.9,-0.947
4,714.12,1.1,-0.758,-8.646,-1.056
0,714.708,1.75,-0.886,-8.958,-0.921
1,714.708,0.0,null,null,null
2,714.708,1.2,3.432,25.011,2.813
3,714.708,0.7,-2.334,-6.968,-0.95
4,714.708,1.1,-0.848,-8.598,-0.998
0,715.295,1.75,-0.828,-8.967,-0.967
1,715.295,0.0,null,null,null
2,715.295,1.2,3.435,25.063,2.818
3,715.295,0.7,-2.334,-7.038,-0.953
4,715.295,1.1,-0.944,-8.597,-0.93
0,715.882,1.75,-0.778,-8.948,-1.01
1,715.882,0.0,null,null,null
2,715.882,1.2,3.438,25.114,2.824
3,715.882,0.7,-2.333,-7.109,-0.956
4,715.882,1.1,-1.028,-8.638,-0.866
0,716.469,1.75,-0.743,-8.911,-1.045
1,716.469,0.0,null,null,null
2,716.469,1.2,3.442,25.166,2.829
3,716.469,0.7,-2.331,-7.182,-0.959
4,716.469,1.1,-1.09,-8.707,-0.814
0,717.057,1.75,-0.721,-8.865,-1.07
1,717.057,0.0,null,null,null
2,717.057,1.2,3.445,25.218,2.835
3,717.057,0.7,-2.327,-7.257,-0.962
4,717.057,1.1,-1.13,-8.789,-0.777
0,717.644,1.75,-0.714,-8.815,-1.086
1,717.644,0.0,null,null,null
2,717.644,1.2,3.448,25.27,2.84
3,717.644,0.7,-2.321,-7.334,-0.965
4,717.644,1.1,-1.148,-8.876,-0.756
0,718.231,1.75,-0.719,-8.767,-1.093
1,718.231,0.0,null,null,null
2,718.231,1.2,3.452,25.322,2.846
3,718.231,0.7,-2.314,-7.413,-0.968
4,718.231,1.1,-1.149,-8.96,-0.749
0,718.819,1.75,-0.735,-8.722,-1.092
1,718.819,0.0,null,null,null
2,718.819,1.2,3.455,25.374,2.851
3,718.819,0.7,-2.304,-7.494,-0.971
4,718.819,1.1,-1.133,-9.036,-0.755
0,719.406,1.75,-0.759,-8.684,-1.084
1,719.406,0.0,null,null,null
2,719.406,1.2,3.458,25.426,2.857
3,719.406,0.7,-2.292,-7.577,-0.974
4,719.406,1.1,-1.106,-9.101,-0.771
0,719.993,1.75,-0.789,-8.652,-1.071
1,719.993,0.0,null,null,null
2,719.993,1.2,3.462,25.477,2.862
3,719.993,0.7,-2.278,-7.662,-0.977
4,719.993,1.1,-1.071,-9.154,-0.796
0,720.58,1.75,-0.824,-8.626,-1.055
1,720.58,0.0,null,null,null
2,720.58,1.2,3.465,25.529,2.868
3,720.58,0.7,-2.262,-7.748,-0.98
4,720.58,1.1,-1.029,-9.196,-0.827
0,721.168,1.75,-0.865,-8.612,-1.033
1,721.168,0.0,null,null,null
2,721.168,1.2,3.468,25.581,2.873
3,721.168,0.7,-2.242,-7.838,-0.983
4,721.168,1.1,-0.981,-9.218,-0.866
0,721.755,1.75,-0.907,-8.607,-1.009
1,721.755,0.0,null,null,null
2,721.755,1.2,3.472,25.633,2.879
3,721.755,0.7,-2.219,-7.93,-0.986
4,721.755,1.1,-0.931,-9.224,-0.909
0,722.342,1.75,-0.952,-8.609,-0.983
1,722.342,0.0,null,null,null
2,722.342,1.2,3.475,25.684,2.885
3,722.342,0.7,-2.193,-8.023,-0.989
4,722.342,1.1,-0.881,-9.217,-0.954
0,722.929,1.75,-0.996,-8.625,-0.957
1,722.929,0.0,null,null,null
2,722.929,1.2,3.478,25.736,2.89
3,722.929,0.7,-2.162,-8.12,-0.992
4,722.929,1.1,-0.835,-9.187,-0.999
0,723.517,1.75,-1.038,-8.65,-0.932
1,723.517,0.0,null,null,null
2,723.517,1.2,3.482,25.788,2.896
3,723.517,0.7,-2.126,-8.219,-0.995
4,723.517,1.1,-0.794,-9.14,-1.044
0,724.104,1.75,-1.076,-8.687,-0.909
1,724.104,0.0,null,null,null
2,724.104,1.2,3.485,25.84,2.901
3,724.104,0.7,-2.084,-8.321,-0.997
4,724.104,1.1,-0.764,-9.073,-1.084
0,724.691,1.75,-1.108,-8.735,-0.892
1,724.691,0.0,null,null,null
2,724.691,1.2,3.488,25.891,2.907
3,724.691,0.7,-2.034,-8.426,-0.999
4,724.691,1.1,-0.749,-8.987,-1.116
0,725.279,1.75,-1.129,-8.791,-0.883
1,725.279,0.0,null,null,null
2,725.279,1.2,3.492,25.943,2.912
3,725.279,0.7,-1.976,-8.534,-1.001
4,725.279,1.1,-0.756,-8.885,-1.135
0,725.866,1.75,-1.136,-8.85,-0.887
1,725.866,0.0,null,null,null
2,725.866,1.2,3.495,25.995,2.918
3,725.866,0.7,-1.906,-8.645,-1.002
4,725.866,1.1,-0.793,-8.777,-1.134
0,726.453,1.75,-1.129,-8.903,-0.905
1,726.453,0.0,null,null,null
2,726.453,1.2,3.498,26.047,2.923
3,726.453,0.7,-1.821,-8.76,-1.001
4,726.453,1.1,-0.862,-8.676,-1.112
0,727.04,1.75,-1.111,-8.941,-0.936
1,727.04,0.0,null,null,null
2,727.04,1.2,3.502,26.098,2.929
3,727.04,0.7,-1.719,-8.876,-0.999
4,727.04,1.1,-0.959,-8.598,-1.071
0,727.628,1.75,-1.09,-8.957,-0.976
1,727.628,0.0,null,null,null
2,727.628,1.2,3.505,26.15,2.934
3,727.628,0.7,-1.594,-8.992,-0.996
4,727.628,1.1,-1.075,-8.554,-1.015
0,728.215,1.75,-1.08,-8.947,-1.02
1,728.215,0.0,null,null,null
2,728.215,1.2,3.508,26.201,2.94
3,728.215,0.7,-1.432,-9.099,-0.992
4,728.215,1.1,-1.198,-8.559,-0.954
0,728.802,1.75,-1.093,-8.921,-1.057
1,728.802,0.0,null,null,null
2,728.802,1.2,3.512,26.253,2.945
3,728.802,0.7,-1.223,-9.172,-0.992
4,728.802,1.1,-1.313,-8.61,-0.899
0,729.389,1.75,-1.132,-8.903,-1.079
1,729.389,0.0,null,null,null
2,729.389,1.2,3.515,26.305,2.951
3,729.389,0.7,-0.988,-9.166,-1.007
4,729.389,1.1,-1.405,-8.7,-0.862
0,729.977,1.75,-1.179,-8.894,-1.079
1,729.977,0.0,null,null,null
2,729.977,1.2,3.518,26.356,2.956
3,729.977,0.7,-0.784,-9.093,-1.036
4,729.977,1.1,-1.464,-8.816,-0.85
0,730.564,1.75,-1.238,-8.888,-1.057
1,730.564,0.0,null,null,null
2,730.564,1.2,3.522,26.408,2.962
3,730.564,0.7,-0.617,-8.997,-1.067
4,730.564,1.1,-1.479,-8.943,-0.87
0,731.151,1.75,-1.327,-8.895,-1.008
1,731.151,0.0,null,null,null
2,731.151,1.2,3.525,26.46,2.967
3,731.151,0.7,-0.475,-8.897,-1.097
4,731.151,1.1,-1.433,-9.052,-0.935
0,731.738,1.75,-1.439,-9.002,-0.945
1,731.738,0.0,null,null,null
2,731.738,1.2,3.528,26.511,2.973
3,731.738,0.7,-0.347,-8.798,-1.126
4,731.738,1.1,-1.34,-9.002,-1.024
0,732.326,1.75,-1.436,-9.141,-0.974
1,732.326,0.0,null,null,null
2,732.326,1.2,3.532,26.563,2.978
3,732.326,0.7,-0.228,-8.7,-1.152
4,732.326,1.1,-1.423,-8.899,-0.966
0,732.913,1.75,-1.413,-9.204,-1.013
1,732.913,0.0,null,null,null
2,732.913,1.2,3.535,26.614,2.984
3,732.913,0.7,-0.117,-8.604,-1.178
4,732.913,1.1,-1.534,-8.916,-0.894
0,733.5,1.75,-1.403,-9.23,-1.038
1,733.5,0.0,null,null,null
2,733.5,1.2,3.538,26.666,2.989
3,733.5,0.7,-0.011,-8.51,-1.203
4,733.5,1.1,-1.622,-8.991,-0.844
0,734.088,1.75,-1.41,-9.235,-1.047
1,734.088,0.0,null,null,null
2,734.088,1.2,3.542,26.717,2.995
3,734.088,0.7,0.092,-8.418,-1.228
4,734.088,1.1,-1.679,-9.098,-0.82
0,734.675,1.75,-1.437,-9.23,-1.039
1,734.675,0.0,null,null,null
2,734.675,1.2,3.545,26.769,3.0
3,734.675,0.7,0.191,-8.327,-1.252
4,734.675,1.1,-1.703,-9.22,-0.824
0,735.262,1.75,-1.493,-9.224,-1.006
1,735.262,0.0,null,null,null
2,735.262,1.2,3.548,26.82,3.006
3,735.262,0.7,0.288,-8.237,-1.275
4,735.262,1.1,-1.679,-9.342,-0.867
0,735.849,1.75,-1.594,-9.26,-0.941
1,735.849,0.0,null,null,null
2,735.849,1.2,3.551,26.872,3.011
3,735.849,0.7,0.382,-8.149,-1.299
4,735.849,1.1,-1.582,-9.398,-0.962
0,736.437,1.75,-1.644,-9.417,-0.926
1,736.437,0.0,null,null,null
2,736.437,1.2,3.555,26.923,3.017
3,736.437,0.7,0.475,-8.062,-1.322
4,736.437,1.1,-1.564,-9.26,-0.977
0,737.024,1.75,-1.616,-9.508,-0.968
1,737.024,0.0,null,null,null
2,737.024,1.2,3.558,26.975,3.022
3,737.024,0.7,0.566,-7.976,-1.344
4,737.024,1.1,-1.67,-9.226,-0.902
0,737.611,1.75,-1.594,-9.546,-1.001
1,737.611,0.0,null,null,null
2,737.611,1.2,3.561,27.026,3.028
3,737.611,0.7,0.656,-7.891,-1.366
4,737.611,1.1,-1.766,-9.275,-0.841
0,738.198,1.75,-1.587,-9.559,-1.02
1,738.198,0.0,null,null,null
2,738.198,1.2,3.565,27.078,3.033
3,738.198,0.7,0.744,-7.806,-1.389
4,738.198,1.1,-1.837,-9.365,-0.804
0,738.786,1.75,-1.6,-9.556,-1.021
1,738.786,0.0,null,null,null
2,738.786,1.2,3.568,27.129,3.039
3,738.786,0.7,0.832,-7.722,-1.411
4,738.786,1.1,-1.876,-9.479,-0.794
0,739.373,1.75,-1.637,-9.546,-1.002
1,739.373,0.0,null,null,null
2,739.373,1.2,3.571,27.181,3.044
3,739.373,0.7,0.918,-7.639,-1.432
4,739.373,1.1,-1.875,-9.603,-0.816
0,739.96,1.75,-1.712,-9.549,-0.954
1,739.96,0.0,null,null,null
2,739.96,1.2,3.575,27.232,3.05
3,739.96,0.7,1.004,-7.557,-1.454
4,739.96,1.1,-1.815,-9.707,-0.885
0,740.548,1.75,-1.813,-9.653,-0.893
1,740.548,0.0,null,null,null
2,740.548,1.2,3.578,27.284,3.055
3,740.548,0.7,1.089,-7.475,-1.475
4,740.548,1.1,-1.712,-9.651,-0.973
0,741.135,1.75,-1.802,-9.787,-0.924
1,741.135,0.0,null,null,null
2,741.135,1.2,3.581,27.335,3.061
3,741.135,0.7,1.173,-7.393,-1.497
4,741.135,1.1,-1.786,-9.545,-0.917
0,741.722,1.75,-1.773,-9.846,-0.964
1,741.722,0.0,null,null,null
2,741.722,1.2,3.584,27.386,3.066
3,741.722,0.7,1.257,-7.312,-1.518
4,741.722,1.1,-1.89,-9.558,-0.846
0,742.309,1.75,-1.756,-9.869,-0.99
1,742.309,0.0,null,null,null
2,742.309,1.2,3.588,27.438,3.072
3,742.309,0.7,1.34,-7.232,-1.539
4,742.309,1.1,-1.973,-9.629,-0.797
0,742.897,1.75,-1.758,-9.871,-1.0
1,742.897,0.0,null,null,null
2,742.897,1.2,3.591,27.489,3.077
3,742.897,0.7,1.422,-7.151,-1.56
4,742.897,1.1,-2.026,-9.733,-0.774
0,743.484,1.75,-1.78,-9.863,-0.992
1,743.484,0.0,null,null,null
2,743.484,1.2,3.594,27.541,3.083
3,743.484,0.7,1.504,-7.072,-1.581
4,743.484,1.1,-2.046,-9.853,-0.778
0,744.071,1.75,-1.833,-9.855,-0.961
1,744.071,0.0,null,null,null
2,744.071,1.2,3.598,27.592,3.088
3,744.071,0.7,1.586,-6.992,-1.602
4,744.071,1.1,-2.018,-9.973,-0.822
0,744.658,1.75,-1.93,-9.888,-0.896
1,744.658,0.0,null,null,null
2,744.658,1.2,3.601,27.643,3.094
3,744.658,0.7,1.667,-6.913,-1.622
4,744.658,1.1,-1.919,-10.026,-0.917
0,745.246,1.75,-1.978,-10.042,-0.881
1,745.246,0.0,null,null,null
2,745.246,1.2,3.604,27.695,3.099
3,745.246,0.7,1.748,-6.835,-1.643
4,745.246,1.1,-1.897,-9.887,-0.933
0,745.833,1.75,-1.947,-10.132,-0.924
1,745.833,0.0,null,null,null
2,745.833,1.2,3.607,27.746,3.105
3,745.833,0.7,1.828,-6.756,-1.663
4,745.833,1.1,-2.001,-9.85,-0.858
0,746.42,1.75,-1.923,-10.169,-0.958
1,746.42,0.0,null,null,null
2,746.42,1.2,3.611,27.797,3.11
3,746.42,0.7,1.908,-6.678,-1.684
4,746.42,1.1,-2.094,-9.897,-0.798
0,747.007,1.75,-1.914,-10.18,-0.977
1,747.007,0.0,null,null,null
2,747.007,1.2,3.614,27.849,3.116
3,747.007,0.7,1.988,-6.6,-1.704
4,747.007,1.1,-2.163,-9.985,-0.761
0,747.595,1.75,-1.925,-10.175,-0.978
1,747.595,0.0,null,null,null
2,747.595,1.2,3.617,27.9,3.121
3,747.595,0.7,2.068,-6.523,-1.725
4,747.595,1.1,-2.2,-10.098,-0.751
0,748.182,1.75,-1.96,-10.164,-0.96
1,748.182,0.0,null,null,null
2,748.182,1.2,3.621,27.951,3.127
3,748.182,0.7,2.147,-6.445,-1.745
4,748.182,1.1,-2.198,-10.221,-0.774
0,748.769,1.75,-2.032,-10.165,-0.912
1,748.769,0.0,null,null,null
2,748.769,1.2,3.624,28.003,3.132
3,748.769,0.7,2.226,-6.368,-1.765
4,748.769,1.1,-2.136,-10.324,-0.842
0,749.357,1.75,-2.132,-10.267,-0.852
1,749.357,0.0,null,null,null
2,749.357,1.2,3.627,28.054,3.138
3,749.357,0.7,2.305,-6.291,-1.786
4,749.357,1.1,-2.032,-10.267,-0.932
0,749.944,1.75,-2.12,-10.401,-0.882
1,749.944,0.0,null,null,null
2,749.944,1.2,3.63,28.105,3.143
3,749.944,0.7,2.383,-6.214,-1.806
4,749.944,1.1,-2.104,-10.159,-0.876
0,750.531,1.75,-2.09,-10.459,-0.922
1,750.531,0.0,null,null,null
2,750.531,1.2,3.634,28.156,3.149
3,750.531,0.7,2.461,-6.138,-1.826
4,750.531,1.1,-2.206,-10.171,-0.805
0,751.118,1.75,-2.072,-10.481,-0.949
1,751.118,0.0,null,null,null
2,751.118,1.2,3.637,28.208,3.154
3,751.118,0.7,2.539,-6.062,-1.846
4,751.118,1.1,-2.288,-10.24,-0.756
0,751.706,1.75,-2.072,-10.482,-0.959
1,751.706,0.0,null,null,null
2,751.706,1.2,3.64,28.259,3.16
3,751.706,0.7,2.617,-5.985,-1.866
4,751.706,1.1,-2.34,-10.343,-0.733
0,752.293,1.75,-2.093,-10.473,-0.952
1,752.293,0.0,null,null,null
2,752.293,1.2,3.643,28.31,3.165
3,752.293,0.7,2.695,-5.909,-1.886
4,752.293,1.1,-2.36,-10.462,-0.738
0,752.88,1.75,-2.144,-10.463,-0.921
1,752.88,0.0,null,null,null
2,752.88,1.2,3.647,28.361,3.171
3,752.88,0.7,2.772,-5.834,-1.906
4,752.88,1.1,-2.331,-10.581,-0.781
0,753.467,1.75,-2.241,-10.495,-0.857
1,753.467,0.0,null,null,null
2,753.467,1.2,3.65,28.412,3.176
3,753.467,0.7,2.85,-5.758,-1.926
4,753.467,1.1,-2.231,-10.635,-0.876
0,754.055,1.75,-2.288,-10.648,-0.841
1,754.055,0.0,null,null,null
2,754.055,1.2,3.653,28.464,3.181
3,754.055,0.7,2.927,-5.683,-1.946
4,754.055,1.1,-2.207,-10.494,-0.894
0,754.642,1.75,-2.257,-10.738,-0.884
1,754.642,0.0,null,null,null
2,754.642,1.2,3.656,28.515,3.187
3,754.642,0.7,3.004,-5.607,-1.966
4,754.642,1.1,-2.309,-10.456,-0.819
0,755.229,1.75,-2.232,-10.774,-0.918
1,755.229,0.0,null,null,null
2,755.229,1.2,3.66,28.566,3.192
3,755.229,0.7,3.081,-5.532,-1.985
4,755.229,1.1,-2.402,-10.501,-0.759
0,755.817,1.75,-2.222,-10.785,-0.937
1,755.817,0.0,null,null,null
2,755.817,1.2,3.663,28.617,3.198
3,755.817,0.7,3.157,-5.457,-2.005
4,755.817,1.1,-2.471,-10.589,-0.722
0,756.404,1.75,-2.232,-10.779,-0.939
1,756.404,0.0,null,null,null
2,756.404,1.2,3.666,28.668,3.203
3,756.404,0.7,3.234,-5.382,-2.025
4,756.404,1.1,-2.507,-10.701,-0.712
0,756.991,1.75,-2.266,-10.767,-0.921
1,756.991,0.0,null,null,null
2,756.991,1.2,3.67,28.72,3.209
3,756.991,0.7,3.31,-5.307,-2.045
4,756.991,1.1,-2.504,-10.823,-0.734
0,757.578,1.75,-2.338,-10.768,-0.874
1,757.578,0.0,null,null,null
2,757.578,1.2,3.673,28.771,3.214
3,757.578,0.7,3.387,-5.232,-2.064
4,757.578,1.1,-2.443,-10.926,-0.803
0,758.166,1.75,-2.437,-10.868,-0.813
1,758.166,0.0,null,null,null
2,758.166,1.2,3.676,28.822,3.22
3,758.166,0.7,3.463,-5.158,-2.084
4,758.166,1.1,-2.337,-10.87,-0.893
0,758.753,1.75,-2.425,-11.002,-0.844
1,758.753,0.0,null,null,null
2,758.753,1.2,3.679,28.873,3.225
3,758.753,0.7,3.539,-5.083,-2.104
4,758.753,1.1,-2.408,-10.76,-0.838
0,759.34,1.75,-2.394,-11.06,-0.884
1,759.34,0.0,null,null,null
2,759.34,1.2,3.683,28.924,3.231
3,759.34,0.7,3.615,-5.009,-2.123
4,759.34,1.1,-2.509,-10.771,-0.767
0,759.927,1.75,-2.375,-11.081,-0.911
1,759.927,0.0,null,null,null
2,759.927,1.2,3.686,28.975,3.236
3,759.927,0.7,3.691,-4.935,-2.143
4,759.927,1.1,-2.591,-10.84,-0.718
0,760.515,1.75,-2.375,-11.082,-0.921
1,760.515,0.0,null,null,null
2,760.515,1.2,3.689,29.026,3.242
3,760.515,0.7,3.766,-4.861,-2.162
4,760.515,1.1,-2.642,-10.942,-0.695
0,761.102,1.75,-2.395,-11.072,-0.914
1,761.102,0.0,null,null,null
2,761.102,1.2,3.692,29.077,3.247
3,761.102,0.7,3.842,-4.787,-2.182
4,761.102,1.1,-2.662,-11.06,-0.699
0,761.689,1.75,-2.446,-11.062,-0.883
1,761.689,0.0,null,null,null
2,761.689,1.2,3.696,29.128,3.252
3,761.689,0.7,3.917,-4.713,-2.202
4,761.689,1.1,-2.633,-11.179,-0.743
0,762.276,1.75,-2.541,-11.093,-0.819
1,762.276,0.0,null,null,null
2,762.276,1.2,3.699,29.179,3.258
3,762.276,0.7,3.993,-4.639,-2.221
4,762.276,1.1,-2.533,-11.233,-0.837
0,762.864,1.75,-2.59,-11.245,-0.803
1,762.864,0.0,null,null,null
2,762.864,1.2,3.702,29.231,3.263
3,762.864,0.7,4.068,-4.565,-2.241
4,762.864,1.1,-2.508,-11.093,-0.856
